/*
SQLyog Ultimate v11.5 (64 bit)
MySQL - 10.1.19-MariaDB : Database - sami_hotspot
*********************************************************************
*/

/*!40101 SET NAMES utf8 */;

/*!40101 SET SQL_MODE=''*/;

/*!40014 SET @OLD_UNIQUE_CHECKS=@@UNIQUE_CHECKS, UNIQUE_CHECKS=0 */;
/*!40014 SET @OLD_FOREIGN_KEY_CHECKS=@@FOREIGN_KEY_CHECKS, FOREIGN_KEY_CHECKS=0 */;
/*!40101 SET @OLD_SQL_MODE=@@SQL_MODE, SQL_MODE='NO_AUTO_VALUE_ON_ZERO' */;
/*!40111 SET @OLD_SQL_NOTES=@@SQL_NOTES, SQL_NOTES=0 */;
/*Table structure for table `about_us` */

DROP TABLE IF EXISTS `about_us`;

CREATE TABLE `about_us` (
  `id` int(11) NOT NULL AUTO_INCREMENT,
  `description` text NOT NULL,
  PRIMARY KEY (`id`)
) ENGINE=InnoDB AUTO_INCREMENT=2 DEFAULT CHARSET=utf8;

/*Data for the table `about_us` */

insert  into `about_us`(`id`,`description`) values (1,'Lorem Ipsum is simply dummy text of the printing and typesetting industry. Lorem Ipsum has been the industry\'s standard dummy text ever since the 1500s, when an unknown printer took a galley of type and scrambled it to make a type specimen book. It has survived not only five centuries, but also the leap into electronic typesetting, remaining essentially unchanged. It was popularised in the 1960s with the release of Letraset sheets containing Lorem Ipsum passages, and more recently with desktop publishing software like Aldus PageMaker including versions of Lorem Ipsum.');

/*Table structure for table `categories` */

DROP TABLE IF EXISTS `categories`;

CREATE TABLE `categories` (
  `id` int(11) NOT NULL AUTO_INCREMENT,
  `Name` varchar(200) NOT NULL,
  `slug` varchar(60) NOT NULL,
  `service_image` varchar(99) DEFAULT NULL,
  PRIMARY KEY (`id`)
) ENGINE=InnoDB AUTO_INCREMENT=7 DEFAULT CHARSET=latin1;

/*Data for the table `categories` */

insert  into `categories`(`id`,`Name`,`slug`,`service_image`) values (1,'Hair Dresser ','hair-dresser','public/assets/uploads/service-img/s2.jpg'),(2,'Nail Design','nail-design','public/assets/uploads/service-img/s3.jpg'),(3,'Pedicure','pedicure','public/assets/uploads/service-img/s3.jpg'),(4,'Hair Removal','hair-removal','public/assets/uploads/service-img/s2.jpg'),(5,'Cosmetic Procedures','cosmetic-procedures','public/assets/uploads/service-img/s2.jpg'),(6,'Massage','massage','public/assets/uploads/service-img/s2.jpg');

/*Table structure for table `chanels` */

DROP TABLE IF EXISTS `chanels`;

CREATE TABLE `chanels` (
  `id` int(11) NOT NULL AUTO_INCREMENT,
  `chanel_name` varchar(200) DEFAULT NULL,
  `studio_id` int(11) DEFAULT NULL,
  `category_id` int(11) DEFAULT NULL,
  `subscribers` int(11) DEFAULT NULL,
  `discribtion` text,
  `cover_image` varchar(199) DEFAULT NULL,
  `pro_pic` varchar(199) DEFAULT NULL,
  `preview_video` varchar(199) DEFAULT NULL,
  `title` varchar(200) DEFAULT NULL,
  `subcribers_ids` text,
  PRIMARY KEY (`id`)
) ENGINE=InnoDB AUTO_INCREMENT=10 DEFAULT CHARSET=latin1;

/*Data for the table `chanels` */

insert  into `chanels`(`id`,`chanel_name`,`studio_id`,`category_id`,`subscribers`,`discribtion`,`cover_image`,`pro_pic`,`preview_video`,`title`,`subcribers_ids`) values (1,'my_chanel',86,1,200,'discribtion','http://localhost/hotspot/public/assets/uploads/thumbnils/thumb1.jpg','/assets/uploads/thumbnils/thumb1.jpg','https://www.youtube.com/embed/SsE5U7ta9Lw?rel=0&controls=0&showinfo=0','title',',104,105,'),(7,'my_chanel',86,1,200,'discribtion','http://localhost/hotspot/public/assets/uploads/thumbnils/thumb1.jpg','/assets/uploads/thumbnils/thumb1.jpg','https://www.youtube.com/embed/SsE5U7ta9Lw?rel=0&controls=0&showinfo=0','title',',104,105,'),(8,'my_chanel',107,1,200,'discribtion','http://localhost/hotspot/public/assets/uploads/thumbnils/thumb1.jpg','/assets/uploads/thumbnils/thumb1.jpg','https://www.youtube.com/embed/SsE5U7ta9Lw?rel=0&controls=0&showinfo=0','title',',104,105,'),(9,'my_chanel',107,1,200,'discribtion','http://localhost/hotspot/public/assets/uploads/thumbnils/thumb1.jpg','/assets/uploads/thumbnils/thumb1.jpg','https://www.youtube.com/embed/SsE5U7ta9Lw?rel=0&controls=0&showinfo=0','title',',104,105,');

/*Table structure for table `chat_room_logins` */

DROP TABLE IF EXISTS `chat_room_logins`;

CREATE TABLE `chat_room_logins` (
  `id` int(10) unsigned NOT NULL AUTO_INCREMENT,
  `room_id` varchar(100) DEFAULT NULL,
  `user_id` int(11) DEFAULT NULL,
  `is_online` tinyint(1) DEFAULT '0',
  PRIMARY KEY (`id`)
) ENGINE=InnoDB AUTO_INCREMENT=249 DEFAULT CHARSET=utf8;

/*Data for the table `chat_room_logins` */

insert  into `chat_room_logins`(`id`,`room_id`,`user_id`,`is_online`) values (9,NULL,NULL,1),(10,NULL,NULL,1),(11,'room-166820819',380,1),(12,'room-166820819',439,0),(13,'room-197550889',450,0),(14,'room-197550889',439,0),(15,'room-189450871',450,0),(16,'room-171000830',380,0),(17,'room-177795844',405,0),(18,'room-197989890',439,0),(19,NULL,NULL,1),(20,NULL,NULL,1),(21,NULL,NULL,1),(22,NULL,NULL,1),(23,NULL,NULL,1),(24,NULL,NULL,1),(25,NULL,NULL,1),(26,NULL,NULL,1),(27,NULL,NULL,1),(28,NULL,NULL,1),(29,NULL,NULL,1),(30,NULL,NULL,1),(31,NULL,NULL,1),(32,NULL,NULL,1),(33,NULL,NULL,1),(34,NULL,NULL,1),(35,NULL,NULL,1),(36,NULL,NULL,1),(37,NULL,NULL,1),(38,NULL,NULL,1),(39,NULL,NULL,1),(40,NULL,NULL,1),(41,NULL,NULL,1),(42,NULL,NULL,1),(43,NULL,NULL,1),(44,NULL,NULL,1),(45,NULL,NULL,1),(46,NULL,NULL,1),(47,'room-206330909',470,0),(48,NULL,NULL,1),(49,NULL,NULL,1),(50,NULL,NULL,1),(51,NULL,NULL,1),(52,NULL,NULL,1),(53,NULL,NULL,1),(54,NULL,NULL,1),(55,NULL,NULL,1),(56,NULL,NULL,1),(57,NULL,NULL,1),(58,NULL,NULL,1),(59,NULL,NULL,1),(60,NULL,NULL,1),(61,NULL,NULL,1),(62,NULL,NULL,1),(63,NULL,NULL,1),(64,NULL,NULL,1),(65,NULL,NULL,1),(66,NULL,NULL,1),(67,NULL,NULL,1),(68,NULL,NULL,1),(69,NULL,NULL,1),(70,NULL,NULL,1),(71,NULL,NULL,1),(72,NULL,NULL,1),(73,NULL,NULL,1),(74,NULL,NULL,1),(75,NULL,NULL,1),(76,NULL,NULL,1),(77,NULL,NULL,1),(78,NULL,NULL,1),(79,NULL,NULL,1),(80,NULL,NULL,1),(81,NULL,NULL,1),(82,NULL,NULL,1),(83,NULL,NULL,1),(84,NULL,NULL,1),(85,NULL,NULL,1),(86,NULL,NULL,1),(87,'room-182250855',405,0),(88,NULL,NULL,1),(89,NULL,NULL,1),(90,NULL,NULL,1),(91,NULL,NULL,1),(92,NULL,NULL,1),(93,NULL,NULL,1),(94,NULL,NULL,1),(95,NULL,NULL,1),(96,NULL,NULL,1),(97,NULL,NULL,1),(98,NULL,NULL,1),(99,NULL,NULL,1),(100,NULL,NULL,1),(101,'room-179158851',469,1),(102,NULL,NULL,1),(103,NULL,NULL,1),(104,NULL,NULL,1),(105,NULL,NULL,1),(106,NULL,NULL,1),(107,NULL,NULL,1),(108,NULL,NULL,1),(109,NULL,NULL,1),(110,NULL,NULL,1),(111,NULL,NULL,1),(112,NULL,NULL,1),(113,NULL,NULL,1),(114,NULL,NULL,1),(115,NULL,NULL,1),(116,NULL,NULL,1),(117,NULL,NULL,1),(118,NULL,NULL,1),(119,NULL,NULL,1),(120,NULL,NULL,1),(121,NULL,NULL,1),(122,NULL,NULL,1),(123,NULL,NULL,1),(124,NULL,NULL,1),(125,'room-145924764',382,0),(126,'room-179158851',382,0),(127,'room-170505826',405,0),(128,NULL,NULL,1),(129,NULL,NULL,1),(130,NULL,NULL,1),(131,NULL,NULL,1),(132,NULL,NULL,1),(133,NULL,NULL,1),(134,NULL,NULL,1),(135,NULL,NULL,1),(136,NULL,NULL,1),(137,NULL,NULL,1),(138,NULL,NULL,1),(139,NULL,NULL,1),(140,NULL,NULL,1),(141,NULL,NULL,1),(142,NULL,NULL,1),(143,NULL,NULL,1),(144,NULL,NULL,1),(145,'room-177241842',421,0),(146,'room-189450871',421,0),(147,'room-177795844',439,0),(148,NULL,NULL,1),(149,NULL,NULL,1),(150,'room-206330909',439,0),(151,NULL,NULL,1),(152,NULL,NULL,1),(153,NULL,NULL,1),(154,NULL,NULL,1),(155,NULL,NULL,1),(156,NULL,NULL,1),(157,NULL,NULL,1),(158,NULL,NULL,1),(159,NULL,NULL,1),(160,NULL,NULL,1),(161,NULL,NULL,1),(162,NULL,NULL,1),(163,NULL,NULL,1),(164,NULL,NULL,1),(165,NULL,NULL,1),(166,NULL,NULL,1),(167,NULL,NULL,1),(168,NULL,NULL,1),(169,NULL,NULL,1),(170,NULL,NULL,1),(171,NULL,NULL,1),(172,NULL,NULL,1),(173,NULL,NULL,1),(174,NULL,NULL,1),(175,NULL,NULL,1),(176,NULL,NULL,1),(177,NULL,NULL,1),(178,'room-184819860',439,0),(179,'room-159980801',380,0),(180,'room-159980801',421,0),(181,NULL,NULL,1),(182,NULL,NULL,1),(183,NULL,NULL,1),(184,NULL,NULL,1),(185,NULL,NULL,1),(186,NULL,NULL,1),(187,'room-184819860',421,0),(188,NULL,NULL,1),(189,NULL,NULL,1),(190,NULL,NULL,1),(191,NULL,NULL,1),(192,NULL,NULL,1),(193,NULL,NULL,1),(194,NULL,NULL,1),(195,NULL,NULL,1),(196,NULL,NULL,1),(197,NULL,NULL,1),(198,NULL,NULL,1),(199,NULL,NULL,1),(200,NULL,NULL,1),(201,NULL,NULL,1),(202,NULL,NULL,1),(203,NULL,NULL,1),(204,NULL,NULL,1),(205,NULL,NULL,1),(206,NULL,NULL,1),(207,NULL,NULL,1),(208,NULL,NULL,1),(209,NULL,NULL,1),(210,NULL,NULL,1),(211,'room-145160762',380,0),(212,'room-179740853',473,0),(213,'room-186575864',439,0),(214,'room-192721878',439,0),(215,'room-145160762',382,0),(216,'room-179540852',382,0),(217,'room-179540852',470,0),(218,'room-165942817',439,0),(219,'room-37754525',439,0),(220,'room-182185854',439,0),(221,'room-182185854',415,0),(222,':room-16682081',2,0),(223,'room-16682081',2,0),(224,'room-166820819',2,0),(225,'room-161500805',380,0),(226,'room-153900785',380,0),(227,'room-59553626',509,0),(228,'room-223890949',439,0),(229,'room-223890949',510,0),(230,'room-239700980',470,0),(231,'room-239700980',510,0),(232,'room-44694499',382,0),(233,'room-239700980',415,0),(234,'room-197870891',470,0),(235,'room-197870891',421,0),(236,'room-2683701041',470,0),(237,'room-2693101043',470,0),(238,'room-2693101043',573,0),(239,'room-216216950',572,0),(240,'room-3570061195',598,0),(241,'room-2992001094',544,0),(242,'room-2992001094',603,0),(243,'room-2992001094',550,0),(244,'room-220864950',544,0),(245,'room-3283501147',550,0),(246,'room-210100932',382,0),(247,'room-230346985',382,0),(248,'room-230346985',603,0);

/*Table structure for table `chats` */

DROP TABLE IF EXISTS `chats`;

CREATE TABLE `chats` (
  `id` int(11) NOT NULL AUTO_INCREMENT,
  `room_id` text,
  `start_from` int(11) DEFAULT NULL COMMENT 'customer id',
  `receiver` int(11) DEFAULT NULL COMMENT 'staff id',
  `is_deleted` int(11) DEFAULT '0',
  `created_time` timestamp NULL DEFAULT CURRENT_TIMESTAMP,
  PRIMARY KEY (`id`)
) ENGINE=InnoDB AUTO_INCREMENT=15 DEFAULT CHARSET=latin1;

/*Data for the table `chats` */

insert  into `chats`(`id`,`room_id`,`start_from`,`receiver`,`is_deleted`,`created_time`) values (1,'room-239700980',470,510,0,'2017-09-12 18:41:16'),(2,'room-179540852',382,470,0,'2017-09-12 18:41:46'),(3,'room-44694499',382,117,0,'2017-09-13 04:14:47'),(4,'room-182185854',439,415,0,'2017-09-13 10:27:30'),(5,'room-197870891',470,421,0,'2017-09-14 13:33:21'),(6,'room-2683701041',470,571,0,'2017-09-14 13:47:28'),(7,'room-2693101043',470,573,0,'2017-09-14 13:48:39'),(8,'room-216216950',572,378,0,'2017-09-15 15:53:22'),(9,'room-3570061195',598,597,0,'2017-09-15 16:26:49'),(10,'room-2992001094',544,550,0,'2017-09-19 15:08:30'),(11,'room-220864950',544,406,0,'2017-09-20 13:54:47'),(12,'room-3283501147',550,597,0,'2017-09-20 17:24:00'),(13,'room-210100932',382,550,0,'2017-09-20 17:28:27'),(14,'room-230346985',382,603,0,'2017-09-20 17:35:53');

/*Table structure for table `code_verified` */

DROP TABLE IF EXISTS `code_verified`;

CREATE TABLE `code_verified` (
  `id` int(20) NOT NULL AUTO_INCREMENT,
  `code` int(40) NOT NULL,
  `email` varchar(200) NOT NULL,
  PRIMARY KEY (`id`)
) ENGINE=InnoDB AUTO_INCREMENT=425 DEFAULT CHARSET=latin1;

/*Data for the table `code_verified` */

insert  into `code_verified`(`id`,`code`,`email`) values (1,8177,''),(2,7052,''),(4,1352,''),(5,7238,''),(6,6685,''),(7,5720,''),(8,4270,''),(9,2632,''),(10,9389,''),(12,3908,''),(13,9277,''),(14,9606,''),(15,5183,''),(16,8640,''),(17,8898,''),(21,7076,''),(22,7424,''),(23,9888,''),(24,2830,''),(25,5202,''),(26,2708,''),(27,1369,''),(28,3141,''),(29,8620,''),(30,1152,''),(31,8679,''),(32,6483,''),(33,8389,''),(35,8937,''),(36,8522,''),(37,9345,''),(38,8010,''),(39,7429,''),(41,5865,''),(46,7307,'aqi12@yopmail.com'),(48,5330,'aqi1222@yopmail.com'),(52,3138,'aqee42147702@yopmail.com'),(56,3831,'aqeegmil@yopmail.com'),(63,5401,'aqee421487702@yopmail.com'),(68,3785,'aqee487444@yopmail.com'),(70,5699,'aqeeg656mil@yopmail.com'),(74,6435,'maazz@gexton.com'),(81,6139,'asady4@gmail.com'),(83,1426,'asady4@yopmail.com'),(85,4066,'asad5@yopmail.com'),(91,3350,'asad2eee@yopmail.com'),(94,5161,'aqee48743444@yopmail.com'),(96,4129,'asad2e989@yopmail.com'),(98,5599,'maaz@gsexton.comadf'),(99,9856,'aqee4448743444@yopmail.com'),(105,6170,'aqq1541@yopmail.com'),(107,7820,'1984-cv@hmx.ch'),(115,5999,'aqq1545dsfa541@yopmail.com'),(118,5203,'aqq1545541@yopmail.com'),(120,8596,'ccc@yopmail.com'),(121,8055,'aa@aa.aa'),(125,9350,'aqq15453@yopmail.com'),(127,8608,'aqaq15453@yopmail.com'),(128,4197,'minhaj@yopmail.con'),(130,3699,'mj@yopmail.com'),(131,6364,'ggext@yopmail.com'),(136,7337,'minhajkl@yopmail.com'),(140,8322,'minjak@yahoo.com'),(141,8269,'minhaj@yahoo.com'),(142,9021,'mm@yahoo.com'),(143,8611,'minhaj@yopmail.com'),(144,2678,'minhwaj@yopmail.com'),(146,5019,'arif@yopmail.com'),(147,7252,'qqws@yopmail.com'),(148,8292,'aqiii@yopmail.com'),(149,5131,'aqeelahmed1cs@gmail.com'),(150,1845,'aqeelahmed11cs@gmail.com'),(151,8965,'aqeel@gexton.com'),(153,1716,'junaid.amin@gexton.con'),(155,1076,'sminhajali569a3@gmail.com'),(157,7421,'sminhajali5693@gmail.cn'),(158,5427,'sminhajali5693@gmail.c2n'),(159,3255,'hshshagagag@yahoo.com'),(160,1414,'aqdddi@yopmail.com'),(161,1064,'aqidddd@yopmail.com'),(162,7411,'asdfas@yopmail.com'),(163,7012,'aqyyyyi@yopmail.com'),(170,9925,'gagsgga@yopmail.com'),(171,5618,'sd@yopmail.com'),(174,4734,'dddd@yopmail.comdd'),(175,1135,'asdfasdf@yopmail.com'),(177,5710,'saddam.hussain1992@gmail.com'),(179,7457,'artjom.peterson@gmx.ch'),(194,5416,'jbl1@yopmail.com'),(195,2806,'sminhaj@yahoo.com'),(196,3460,'iii@yopmail.com'),(197,2914,'advzvqi@yopmail.com'),(198,1979,'kgkhk@yopmail.com'),(206,6191,'aqi@yopmail.com'),(208,2378,'aqi00@yopmail.com'),(209,7608,'sminhajali25@yahoo.com'),(211,5868,'asad@yopmail.com'),(219,5048,'aqq15454541@yopmail.com'),(222,9346,'junaidameen2009@gmail.com'),(223,1666,'aqib@yopmail.com'),(224,5965,'asim@yopmail.com'),(228,5330,'aqir@yopmail.com'),(239,9364,'sami19903217@gmail.com'),(253,1696,'a.peterson@gmx.ch'),(264,1991,'mminhaj@yopmail.com'),(270,5474,'gexx@yopmail.com'),(271,3229,'gex@yahoo.com'),(273,7880,'sminhajali5693@gmail.com'),(274,4259,'ggex@yopmail.com'),(281,3682,'info@tony-peterson.ch'),(283,2794,'tony@ora-ladenbau.ch'),(290,5476,'samikhan199017@yopmail.com'),(292,9777,'afh@yopmail.com'),(295,6658,'ted.wok@gmx.ch'),(296,4969,'junaid.amin@gexton.com'),(297,2767,'dummy@yopmail.com'),(302,8563,'hhb@yahoo.com'),(304,5309,'jjohn@yopmail.com'),(306,4959,'kkali@yopmail.com'),(307,8296,'kkkali@yopmail.com'),(309,1571,'iioi@yopmail.com'),(310,7755,'asdfa@yopmail.com'),(314,1941,'pop@yopmail.com'),(315,8616,'gh@yopmail.com'),(316,4378,'ooyi@yopmail.com'),(317,3913,'snsj@yopmail.com'),(318,5185,'shwhw@yahoo.com'),(319,2261,'jkli@yopmail.com'),(320,5381,'bahi@yopmail.com'),(321,8964,'samir@gmail.com'),(323,7728,'afzal@yopmail.com'),(329,9141,'bbbb@yahoo.com'),(331,1281,'tplink@yopmail.com'),(334,6104,'aa@aa.com'),(339,9337,'fared@yopmail.com'),(343,7504,'creation@yopmail.com'),(344,5848,'info@trueretouch.com'),(348,9685,'eduminhaj@yopmail.com'),(351,8918,'edum@yopmail.com'),(352,4627,'eduuminhaj@yopmail.com'),(353,5695,'subway@yopmail.com'),(354,4858,'edumin@yopmail.com'),(355,5114,'edumi@yopmail.com'),(358,8069,'sami1990787817@gmail.com'),(359,5256,'edu@yopmail.com'),(362,8187,'m4@yopmail.com'),(367,6209,'aqeel12@yopmail.com'),(369,1520,'min5@yopmail.com'),(370,8372,'min8@yopmail.com'),(372,8944,'min554@yopmail.com'),(376,5985,'min55@yopmail.com'),(377,5735,'imcs@sindh.com'),(381,5356,'aamir123@yopmail.com'),(382,5684,'imcs@yopmail.com'),(384,9135,'sami19907817@gmail.com'),(385,9737,'xhd@jfhc.con'),(386,2929,'shah@yopmail.com'),(387,1753,'shahg@yopmail.com'),(388,1300,'wwe@yahoo.com'),(396,3995,'ios112@yahoo.com'),(397,5228,'ios@yopmail.com'),(400,1344,'ios112@yopmail.com'),(401,5569,'dudhdu@fh.vom'),(406,4286,'sami@gexton.com'),(408,9857,'m5@yopmail.com'),(409,9161,'sajid@yopmail.com'),(410,3201,'salman@yopmail.com'),(412,8448,'aliali@yopmail.com'),(413,7462,'alialiali@yopmail.com'),(414,6183,'alialiali1@yopmail.com'),(415,3017,'amjad@yopmail.com'),(416,7906,'amjadd@yopmail.com'),(417,2565,'test@yopmail.com'),(419,7067,'sami12345678@gexton.com'),(420,3367,'sadfasdf@gmail.com'),(422,6496,'faizan@yopmail.com'),(423,9200,'sami123514145678@gexton.com'),(424,5785,'kku@yopmail.com');

/*Table structure for table `messages` */

DROP TABLE IF EXISTS `messages`;

CREATE TABLE `messages` (
  `id` int(11) NOT NULL AUTO_INCREMENT,
  `chat_id` int(11) DEFAULT NULL,
  `sender_id` int(11) DEFAULT NULL,
  `reciver_id` int(11) DEFAULT NULL,
  `datetime` timestamp NULL DEFAULT CURRENT_TIMESTAMP,
  `is_read` tinyint(1) DEFAULT '0',
  `is_deleted` tinyint(1) DEFAULT '0',
  `room_id` text,
  `message` text,
  PRIMARY KEY (`id`)
) ENGINE=InnoDB AUTO_INCREMENT=251 DEFAULT CHARSET=latin1;

/*Data for the table `messages` */

insert  into `messages`(`id`,`chat_id`,`sender_id`,`reciver_id`,`datetime`,`is_read`,`is_deleted`,`room_id`,`message`) values (1,NULL,470,510,'2017-09-12 18:41:24',0,0,'room-239700980','Hi'),(2,NULL,470,510,'2017-09-12 18:41:58',0,0,'room-239700980','&lt;script&gt;alert()&lt;/script&gt;'),(3,NULL,510,470,'2017-09-12 18:42:16',0,0,'room-239700980','&lt;script&gt;alert()&lt;/script&gt;'),(4,NULL,470,510,'2017-09-12 18:44:20',0,0,'room-239700980','&lt;style&gt;html{display:none;}&lt;/style&gt;\n'),(5,NULL,470,510,'2017-09-12 18:45:18',0,0,'room-239700980','&lt;script type=\"text/vbscript\"&gt;alert(DOCUMENT.COOKIE)&lt;/script&gt;\n'),(6,NULL,470,510,'2017-09-12 18:45:43',0,0,'room-239700980','&lt;script type=\"text/vbscript\"&gt;alert(DOCUMENT.COOKIE)&lt;/script&gt;'),(7,NULL,470,510,'2017-09-12 18:45:55',0,0,'room-239700980','&lt;script type=\"text/vbscript\"&gt;alert(DOCUMENT.COOKIE)&lt;/script&gt;\n'),(8,NULL,470,510,'2017-09-12 18:46:34',0,0,'room-239700980','&lt;script type=\"text/vbscript\"&gt;alert(DOCUMENT.COOKIE)&lt;/script&gt;\n'),(9,NULL,510,470,'2017-09-12 18:46:44',0,0,'room-239700980','&lt;script&gt;alert()&lt;/script&gt;'),(10,NULL,510,470,'2017-09-12 18:48:09',0,0,'room-239700980','&lt;script&gt;alert()&lt;/script&gt;'),(11,NULL,510,470,'2017-09-12 18:49:09',0,0,'room-239700980','&lt;script&gt;alert()&lt;/script&gt;'),(12,NULL,470,510,'2017-09-12 18:50:09',0,0,'room-239700980','%3cscript src=http://www.example.com/malicious-code.js%3e%3c/script%3e\n'),(13,NULL,470,510,'2017-09-12 18:51:18',0,0,'room-239700980','%3cscript src=http://www.example.com/malicious-code.js%3e alert(); %3c/script%3e'),(14,NULL,439,415,'2017-09-13 10:27:39',0,0,'room-182185854','Hshsh'),(15,NULL,439,415,'2017-09-13 10:28:57',0,0,'room-182185854','minhaj'),(16,NULL,439,415,'2017-09-13 10:32:04',0,0,'room-182185854','Ggdf'),(17,NULL,439,415,'2017-09-13 10:32:08',0,0,'room-182185854','Jhhhhgffbff'),(18,NULL,439,415,'2017-09-13 10:32:10',0,0,'room-182185854','Hhx'),(19,NULL,439,415,'2017-09-13 10:32:15',0,0,'room-182185854','Hhhgjjj'),(20,NULL,439,415,'2017-09-13 10:32:22',0,0,'room-182185854','Jjgbbbbznznz'),(21,NULL,439,415,'2017-09-13 10:32:31',0,0,'room-182185854','K'),(22,NULL,439,415,'2017-09-13 10:34:21',0,0,'room-182185854','Nbhsjd'),(23,NULL,439,415,'2017-09-13 10:35:43',0,0,'room-182185854','cfggn'),(24,NULL,439,415,'2017-09-13 10:35:49',0,0,'room-182185854','aaa'),(25,NULL,439,415,'2017-09-13 10:42:36',0,0,'room-182185854','vfb'),(26,NULL,439,415,'2017-09-13 10:46:04',0,0,'room-182185854','vggh'),(27,NULL,439,415,'2017-09-13 10:47:33',0,0,'room-182185854','xfifff'),(28,NULL,439,415,'2017-09-13 10:49:39',0,0,'room-182185854','vggh'),(29,NULL,439,415,'2017-09-13 10:50:04',0,0,'room-182185854','dfg'),(30,NULL,439,415,'2017-09-13 10:50:05',0,0,'room-182185854','hhh'),(31,NULL,439,415,'2017-09-13 10:59:26',0,0,'room-182185854','cvvvvvvvn'),(32,NULL,439,415,'2017-09-13 10:59:43',0,0,'room-182185854','11'),(33,NULL,439,415,'2017-09-13 10:59:51',0,0,'room-182185854','gggg) ggggg'),(34,NULL,415,439,'2017-09-13 11:01:47',0,0,'room-182185854','fffgghh'),(35,NULL,439,415,'2017-09-13 11:01:54',0,0,'room-182185854','asdfasdfaasdfas'),(36,NULL,439,415,'2017-09-13 11:01:57',0,0,'room-182185854','12345678'),(37,NULL,439,415,'2017-09-13 11:02:01',0,0,'room-182185854','2423'),(38,NULL,439,415,'2017-09-13 11:02:05',0,0,'room-182185854','dfsdf'),(39,NULL,415,439,'2017-09-13 11:07:16',0,0,'room-182185854','qwwqwwwq'),(40,NULL,439,415,'2017-09-13 11:07:27',0,0,'room-182185854','asdfadsf'),(41,NULL,415,439,'2017-09-13 11:09:27',0,0,'room-182185854','vhhh'),(42,NULL,415,439,'2017-09-13 11:09:29',0,0,'room-182185854','hhu'),(43,NULL,415,439,'2017-09-13 11:09:29',0,0,'room-182185854','ui'),(44,NULL,439,415,'2017-09-13 11:09:32',0,0,'room-182185854','asdfasdf'),(45,NULL,415,439,'2017-09-13 11:09:49',0,0,'room-182185854','ghhhhji'),(46,NULL,415,439,'2017-09-13 11:09:51',0,0,'room-182185854','jiu'),(47,NULL,439,415,'2017-09-13 11:09:59',0,0,'room-182185854','11111111'),(48,NULL,415,439,'2017-09-13 11:15:52',0,0,'room-182185854','ssssss'),(49,NULL,439,415,'2017-09-13 11:16:00',0,0,'room-182185854','222222'),(50,NULL,439,415,'2017-09-13 11:16:16',0,0,'room-182185854','5555555'),(51,NULL,439,415,'2017-09-13 11:16:19',0,0,'room-182185854','5554545471'),(52,NULL,415,439,'2017-09-13 11:18:46',0,0,'room-182185854','cvcvcv'),(53,NULL,439,415,'2017-09-13 11:19:00',0,0,'room-182185854','0000000'),(54,NULL,439,415,'2017-09-13 11:21:58',0,0,'room-182185854','web msg'),(55,NULL,439,415,'2017-09-13 11:22:09',0,0,'room-182185854','234234234'),(56,NULL,415,439,'2017-09-13 11:23:23',0,0,'room-182185854','hgdt'),(57,NULL,439,415,'2017-09-13 11:24:59',0,0,'room-182185854','1'),(58,NULL,439,415,'2017-09-13 11:24:59',0,0,'room-182185854','1'),(59,NULL,439,415,'2017-09-13 11:25:00',0,0,'room-182185854','1'),(60,NULL,439,415,'2017-09-13 11:25:00',0,0,'room-182185854','1'),(61,NULL,439,415,'2017-09-13 11:25:00',0,0,'room-182185854','1'),(62,NULL,439,415,'2017-09-13 11:25:01',0,0,'room-182185854','1'),(63,NULL,439,415,'2017-09-13 11:25:01',0,0,'room-182185854','1'),(64,NULL,439,415,'2017-09-13 11:25:02',0,0,'room-182185854','1'),(65,NULL,439,415,'2017-09-13 11:25:02',0,0,'room-182185854','1'),(66,NULL,439,415,'2017-09-13 11:25:03',0,0,'room-182185854','1'),(67,NULL,439,415,'2017-09-13 11:25:03',0,0,'room-182185854','1'),(68,NULL,439,415,'2017-09-13 11:25:04',0,0,'room-182185854','1'),(69,NULL,439,415,'2017-09-13 11:25:04',0,0,'room-182185854','1'),(70,NULL,439,415,'2017-09-13 11:25:05',0,0,'room-182185854','1'),(71,NULL,439,415,'2017-09-13 11:25:08',0,0,'room-182185854','2'),(72,NULL,415,439,'2017-09-13 11:37:30',0,0,'room-182185854','nhggg'),(73,NULL,415,439,'2017-09-13 11:37:36',0,0,'room-182185854','ww2www'),(74,NULL,439,415,'2017-09-13 11:37:53',0,0,'room-182185854','23421aa'),(75,NULL,415,439,'2017-09-13 11:38:02',0,0,'room-182185854','88888888888'),(76,NULL,415,439,'2017-09-13 11:42:01',0,0,'room-182185854','1111111'),(77,NULL,439,415,'2017-09-13 11:42:08',0,0,'room-182185854','zzzz'),(78,NULL,439,415,'2017-09-13 11:42:12',0,0,'room-182185854','1231'),(79,NULL,415,439,'2017-09-13 11:42:15',0,0,'room-182185854','69**='),(80,NULL,415,439,'2017-09-13 11:44:04',0,0,'room-182185854','hrllo'),(81,NULL,415,439,'2017-09-13 11:44:07',0,0,'room-182185854','hellp'),(82,NULL,415,439,'2017-09-13 11:44:09',0,0,'room-182185854','minhaj here'),(83,NULL,439,415,'2017-09-13 11:44:11',0,0,'room-182185854','ok'),(84,NULL,415,439,'2017-09-13 11:44:31',0,0,'room-182185854','kkk'),(85,NULL,415,439,'2017-09-13 11:45:47',0,0,'room-182185854','vgghj'),(86,NULL,415,439,'2017-09-13 11:45:55',0,0,'room-182185854','hxdu'),(87,NULL,415,439,'2017-09-13 11:45:57',0,0,'room-182185854','iffu'),(88,NULL,415,439,'2017-09-13 11:45:58',0,0,'room-182185854','hduf'),(89,NULL,415,439,'2017-09-13 11:47:32',0,0,'room-182185854','bhhcjcjccj\n\n\nhxgzgxh'),(90,NULL,415,439,'2017-09-13 12:06:15',0,0,'room-182185854','vjxhxxndjfnnmm*jjjjhkczjcFjsjggsysgsgshdhdhdhdhdhxhxhxhxhxhxhxhchcbcbchchchchchchchchcbcbcbcncncncnchcjcjcncnc'),(91,NULL,415,439,'2017-09-13 12:22:13',0,0,'room-182185854','mm'),(92,NULL,415,439,'2017-09-13 12:22:41',0,0,'room-182185854','Dddd'),(93,NULL,415,439,'2017-09-13 12:52:06',0,0,'room-182185854','ccv'),(94,NULL,415,439,'2017-09-13 12:52:09',0,0,'room-182185854','(´?? )?'),(95,NULL,415,439,'2017-09-13 12:59:23',0,0,'room-182185854','vavzs'),(96,NULL,415,439,'2017-09-13 12:59:25',0,0,'room-182185854','avvsgs'),(97,NULL,415,439,'2017-09-13 13:06:58',0,0,'room-182185854','ggg'),(98,NULL,415,439,'2017-09-13 13:12:50',0,0,'room-182185854','cg'),(99,NULL,415,439,'2017-09-13 13:13:42',0,0,'room-182185854','bbbg'),(100,NULL,415,439,'2017-09-13 13:14:36',0,0,'room-182185854','gggfcf'),(101,NULL,415,439,'2017-09-13 13:16:01',0,0,'room-182185854','vcvc'),(102,NULL,415,439,'2017-09-13 13:16:28',0,0,'room-182185854','hhg'),(103,NULL,415,439,'2017-09-13 13:16:30',0,0,'room-182185854','ggxgx'),(104,NULL,415,439,'2017-09-13 13:16:31',0,0,'room-182185854','hdj'),(105,NULL,415,439,'2017-09-13 13:16:32',0,0,'room-182185854','dudhsgshx'),(106,NULL,415,439,'2017-09-13 13:16:33',0,0,'room-182185854','jxjxj'),(107,NULL,415,439,'2017-09-13 13:16:34',0,0,'room-182185854','udhdh'),(108,NULL,415,439,'2017-09-13 13:16:35',0,0,'room-182185854','jxjd'),(109,NULL,415,439,'2017-09-13 13:16:36',0,0,'room-182185854','jxhx'),(110,NULL,439,415,'2017-09-13 13:17:19',0,0,'room-182185854','23423'),(111,NULL,415,439,'2017-09-13 13:20:16',0,0,'room-182185854','fff'),(112,NULL,415,439,'2017-09-13 13:20:21',0,0,'room-182185854','zhshd'),(113,NULL,439,415,'2017-09-13 13:20:31',0,0,'room-182185854','asdfad'),(114,NULL,439,415,'2017-09-13 13:20:34',0,0,'room-182185854','989089'),(115,NULL,439,415,'2017-09-13 13:20:37',0,0,'room-182185854',';kl;'),(116,NULL,415,439,'2017-09-13 13:20:40',0,0,'room-182185854','hxhxhx'),(117,NULL,415,439,'2017-09-13 13:23:01',0,0,'room-182185854','  Zaca'),(118,NULL,415,439,'2017-09-13 13:23:36',0,0,'room-182185854','cfgjd'),(119,NULL,415,439,'2017-09-13 13:29:15',0,0,'room-182185854','hdhd'),(120,NULL,415,439,'2017-09-13 13:32:07',0,0,'room-182185854','cxhzh'),(121,NULL,415,439,'2017-09-13 13:32:09',0,0,'room-182185854','jdhdjdjd'),(122,NULL,415,439,'2017-09-13 13:32:10',0,0,'room-182185854','djdj'),(123,NULL,415,439,'2017-09-13 13:32:20',0,0,'room-182185854','jfkf'),(124,NULL,415,439,'2017-09-13 13:37:02',0,0,'room-182185854','xhxh'),(125,NULL,415,439,'2017-09-13 13:41:14',0,0,'room-182185854','xbxhdhd'),(126,NULL,415,439,'2017-09-13 14:06:50',0,0,'room-182185854','xfx'),(127,NULL,439,415,'2017-09-13 14:07:23',0,0,'room-182185854','dsasdfasdfadsf'),(128,NULL,415,439,'2017-09-13 14:12:21',0,0,'room-182185854','vvjcj'),(129,NULL,415,439,'2017-09-13 14:13:55',0,0,'room-182185854','xxx'),(130,NULL,415,439,'2017-09-13 14:16:16',0,0,'room-182185854','zvzhxxhdh'),(131,NULL,439,415,'2017-09-13 14:16:32',0,0,'room-182185854','mhjhjc\\'),(132,NULL,439,415,'2017-09-13 14:16:35',0,0,'room-182185854','hjjh'),(133,NULL,439,415,'2017-09-13 14:16:38',0,0,'room-182185854','3456\\'),(134,NULL,415,439,'2017-09-13 15:22:35',0,0,'room-182185854','xxhd'),(135,NULL,415,439,'2017-09-13 15:22:41',0,0,'room-182185854','xudhd'),(136,NULL,439,415,'2017-09-13 15:23:12',0,0,'room-182185854','asdfad'),(137,NULL,439,415,'2017-09-13 15:23:25',0,0,'room-182185854','yiuyuiyo'),(138,NULL,439,415,'2017-09-13 15:23:26',0,0,'room-182185854','uioiuo'),(139,NULL,439,415,'2017-09-13 15:23:28',0,0,'room-182185854','uioui\\'),(140,NULL,439,415,'2017-09-13 15:24:09',0,0,'room-182185854','uiououiouiiop'),(141,NULL,415,439,'2017-09-13 15:26:41',0,0,'room-182185854','dhshah'),(142,NULL,439,415,'2017-09-13 15:26:51',0,0,'room-182185854','sdfsdf'),(143,NULL,439,415,'2017-09-13 15:26:54',0,0,'room-182185854','p[o[op'),(144,NULL,439,415,'2017-09-13 15:26:55',0,0,'room-182185854','uipuio'),(145,NULL,439,415,'2017-09-13 15:27:07',0,0,'room-182185854','op;kl;klkl;kl;jkoiopl;opuio\\'),(146,NULL,439,415,'2017-09-13 15:31:00',0,0,'room-182185854','sdfgdfgdd'),(147,NULL,415,439,'2017-09-13 15:32:02',0,0,'room-182185854','bzbzhz'),(148,NULL,439,415,'2017-09-13 15:34:15',0,0,'room-182185854','asdfasfa'),(149,NULL,415,439,'2017-09-13 15:36:04',0,0,'room-182185854','jcufjf'),(150,NULL,439,415,'2017-09-13 15:36:12',0,0,'room-182185854','asdfadsf'),(151,NULL,439,415,'2017-09-13 15:36:17',0,0,'room-182185854','adsfxvxswer'),(152,NULL,439,415,'2017-09-13 15:36:19',0,0,'room-182185854','asdfasdf'),(153,NULL,439,415,'2017-09-13 15:36:20',0,0,'room-182185854','werwe'),(154,NULL,415,439,'2017-09-13 15:38:09',0,0,'room-182185854','nxhxhd'),(155,NULL,439,415,'2017-09-13 15:38:16',0,0,'room-182185854','dfgsdfgsdfgsdfgsdf'),(156,NULL,439,415,'2017-09-13 15:43:08',0,0,'room-182185854','sadfasdf'),(157,NULL,415,439,'2017-09-13 15:43:12',0,0,'room-182185854','xhxhd'),(158,NULL,415,439,'2017-09-13 15:43:14',0,0,'room-182185854','hdhdhd'),(159,NULL,415,439,'2017-09-13 15:43:29',0,0,'room-182185854','ndjdhx'),(160,NULL,415,439,'2017-09-13 15:43:30',0,0,'room-182185854','hshs'),(161,NULL,415,439,'2017-09-13 15:43:31',0,0,'room-182185854','hshd'),(162,NULL,415,439,'2017-09-13 15:43:32',0,0,'room-182185854','dud'),(163,NULL,415,439,'2017-09-13 15:43:32',0,0,'room-182185854','ushd'),(164,NULL,415,439,'2017-09-13 15:43:33',0,0,'room-182185854','usud'),(165,NULL,415,439,'2017-09-13 15:43:34',0,0,'room-182185854','udud'),(166,NULL,415,439,'2017-09-13 15:43:35',0,0,'room-182185854','xud'),(167,NULL,439,415,'2017-09-13 15:43:41',0,0,'room-182185854','123123'),(168,NULL,439,415,'2017-09-13 15:46:11',0,0,'room-182185854','asdfasd'),(169,NULL,439,415,'2017-09-13 15:46:17',0,0,'room-182185854','567567'),(170,NULL,415,439,'2017-09-13 15:46:29',0,0,'room-182185854','nxbxh'),(171,NULL,415,439,'2017-09-13 15:46:33',0,0,'room-182185854','dududjd'),(172,NULL,415,439,'2017-09-13 15:46:34',0,0,'room-182185854','jcjd'),(173,NULL,415,439,'2017-09-13 15:46:36',0,0,'room-182185854','cjfjdxcjfjfjcjcjc'),(174,NULL,439,415,'2017-09-13 15:46:48',0,0,'room-182185854','yiyu'),(175,NULL,439,415,'2017-09-13 15:48:38',0,0,'room-182185854','adsfasdf'),(176,NULL,415,439,'2017-09-13 15:48:45',0,0,'room-182185854','bxhx'),(177,NULL,415,439,'2017-09-13 15:48:46',0,0,'room-182185854','xhhdh'),(178,NULL,415,439,'2017-09-13 15:48:47',0,0,'room-182185854','hdhd'),(179,NULL,439,415,'2017-09-13 15:48:51',0,0,'room-182185854','asda121'),(180,NULL,439,415,'2017-09-13 15:50:24',0,0,'room-182185854','asdfasdfads'),(181,NULL,439,415,'2017-09-13 15:50:28',0,0,'room-182185854','q34234'),(182,NULL,415,439,'2017-09-13 15:50:33',0,0,'room-182185854','jxjjff'),(183,NULL,415,439,'2017-09-13 15:50:35',0,0,'room-182185854','jxjx'),(184,NULL,415,439,'2017-09-13 15:50:36',0,0,'room-182185854','kvkg'),(185,NULL,415,439,'2017-09-13 15:50:38',0,0,'room-182185854','kckc'),(186,NULL,415,439,'2017-09-13 15:50:38',0,0,'room-182185854','jzhx'),(187,NULL,439,415,'2017-09-13 15:50:40',0,0,'room-182185854','sdfgsdfg'),(188,NULL,415,439,'2017-09-13 15:52:38',0,0,'room-182185854','ff egg'),(189,NULL,415,439,'2017-09-13 15:52:40',0,0,'room-182185854','ask will'),(190,NULL,439,415,'2017-09-13 15:52:45',0,0,'room-182185854','42342'),(191,NULL,439,415,'2017-09-13 15:52:48',0,0,'room-182185854','pi'),(192,NULL,470,421,'2017-09-14 13:33:22',0,0,'room-197870891','Hi'),(193,NULL,421,470,'2017-09-14 13:33:30',0,0,'room-197870891','Hello'),(194,NULL,470,421,'2017-09-14 13:33:45',0,0,'room-197870891','Hi'),(195,NULL,470,571,'2017-09-14 13:47:30',0,0,'room-2683701041','Hello'),(196,NULL,470,571,'2017-09-14 13:48:05',0,0,'room-2683701041','Bdbsbshaa'),(197,NULL,470,571,'2017-09-14 13:48:07',0,0,'room-2683701041','Absbabs'),(198,NULL,470,571,'2017-09-14 13:48:07',0,0,'room-2683701041','Sbzbs'),(199,NULL,470,573,'2017-09-14 13:48:42',0,0,'room-2693101043',' Gggvsb'),(200,NULL,470,573,'2017-09-14 13:48:43',0,0,'room-2693101043','gggv'),(201,NULL,470,573,'2017-09-14 13:48:54',0,0,'room-2693101043','Fffffcc'),(202,NULL,573,470,'2017-09-14 13:48:57',0,0,'room-2693101043','bbhb'),(203,NULL,573,470,'2017-09-14 13:49:00',0,0,'room-2693101043','gg'),(204,NULL,573,470,'2017-09-14 13:49:02',0,0,'room-2693101043','ggggh'),(205,NULL,573,470,'2017-09-14 13:49:04',0,0,'room-2693101043','hhg'),(206,NULL,470,573,'2017-09-14 13:49:05',0,0,'room-2693101043','Ffffffffcbgfggfggg'),(207,NULL,470,573,'2017-09-14 13:49:07',0,0,'room-2693101043','Khhg'),(208,NULL,573,470,'2017-09-14 13:49:08',0,0,'room-2693101043','ggggg'),(209,NULL,573,470,'2017-09-14 13:49:09',0,0,'room-2693101043','ggg'),(210,NULL,470,573,'2017-09-14 13:49:09',0,0,'room-2693101043','Hhg'),(211,NULL,573,470,'2017-09-14 13:49:10',0,0,'room-2693101043','ggg'),(212,NULL,573,470,'2017-09-14 13:49:11',0,0,'room-2693101043','gg'),(213,NULL,470,573,'2017-09-14 13:49:13',0,0,'room-2693101043','bgg'),(214,NULL,470,573,'2017-09-14 13:49:15',0,0,'room-2693101043','vvg'),(215,NULL,470,573,'2017-09-14 13:49:16',0,0,'room-2693101043','v'),(216,NULL,439,415,'2017-09-14 18:38:24',0,0,'room-182185854','Ghff'),(217,NULL,439,415,'2017-09-14 18:38:34',0,0,'room-182185854','Tffg'),(218,NULL,439,415,'2017-09-14 18:38:43',0,0,'room-182185854','Hi'),(219,NULL,439,415,'2017-09-14 18:39:23',0,0,'room-182185854','Gshs'),(220,NULL,439,415,'2017-09-14 18:40:19',0,0,'room-182185854',' Gfc'),(221,NULL,439,415,'2017-09-14 18:40:27',0,0,'room-182185854','Hi'),(222,NULL,415,439,'2017-09-14 18:41:52',0,0,'room-182185854','Fjl'),(223,NULL,415,439,'2017-09-14 18:41:59',0,0,'room-182185854','F'),(224,NULL,415,439,'2017-09-15 16:50:35',0,0,'room-182185854','Helllp'),(225,NULL,544,550,'2017-09-19 15:08:35',0,0,'room-2992001094','Hello'),(226,NULL,544,550,'2017-09-19 15:08:49',0,0,'room-2992001094','How are you'),(227,NULL,544,550,'2017-09-19 15:08:58',0,0,'room-2992001094','Want to get an appintment'),(228,NULL,544,550,'2017-09-19 15:10:51',0,0,'room-2992001094','Yes sure when'),(229,NULL,544,550,'2017-09-19 15:17:02',0,0,'room-2992001094','There'),(230,NULL,544,550,'2017-09-19 15:17:50',0,0,'room-2992001094','Hrrll'),(231,NULL,544,550,'2017-09-19 15:24:59',0,0,'room-2992001094','Null'),(232,NULL,544,550,'2017-09-19 15:26:20',0,0,'room-2992001094','Hi'),(233,NULL,544,550,'2017-09-19 15:26:26',0,0,'room-2992001094','Hello'),(234,NULL,544,550,'2017-09-19 15:27:18',0,0,'room-2992001094','Kia hua?'),(235,NULL,544,550,'2017-09-19 15:27:54',0,0,'room-2992001094','Last'),(236,NULL,544,550,'2017-09-19 15:33:44',0,0,'room-2992001094','Again'),(237,NULL,544,550,'2017-09-19 15:34:35',0,0,'room-2992001094','Once more'),(238,NULL,544,550,'2017-09-19 15:36:03',0,0,'room-2992001094','2nd'),(239,NULL,544,550,'2017-09-19 15:36:16',0,0,'room-2992001094','3rd'),(240,NULL,415,439,'2017-09-19 16:35:29',0,0,'room-182185854','Asdfasdf'),(241,NULL,544,550,'2017-09-20 13:51:24',0,0,'room-2992001094','Yes'),(242,NULL,544,406,'2017-09-20 13:55:10',0,0,'room-220864950','Hello'),(243,NULL,382,603,'2017-09-20 17:36:03',0,0,'room-230346985','Hi'),(244,NULL,603,382,'2017-09-20 17:36:22',0,0,'room-230346985','Hi jb'),(245,NULL,603,382,'2017-09-20 17:36:40',0,0,'room-230346985','Ti'),(246,NULL,603,382,'2017-09-20 17:36:45',0,0,'room-230346985','Yu'),(247,NULL,382,603,'2017-09-20 17:43:36',0,0,'room-230346985','Hi'),(248,NULL,603,382,'2017-09-20 17:43:43',0,0,'room-230346985','Hello'),(249,NULL,382,603,'2017-09-20 17:43:51',0,0,'room-230346985','You are good'),(250,NULL,603,382,'2017-09-20 17:44:03',0,0,'room-230346985',' Nice');

/*Table structure for table `packages` */

DROP TABLE IF EXISTS `packages`;

CREATE TABLE `packages` (
  `id` int(11) NOT NULL AUTO_INCREMENT,
  `package_name` varchar(200) DEFAULT NULL,
  `limit` varchar(10) DEFAULT NULL,
  `Price` float DEFAULT NULL,
  `validity` int(20) DEFAULT NULL,
  `size_limit` int(80) DEFAULT NULL,
  `time_limit` int(80) DEFAULT NULL,
  `user_type` enum('studio_user','normal_user') DEFAULT NULL,
  `Date` date NOT NULL,
  PRIMARY KEY (`id`)
) ENGINE=InnoDB AUTO_INCREMENT=6 DEFAULT CHARSET=latin1;

/*Data for the table `packages` */

insert  into `packages`(`id`,`package_name`,`limit`,`Price`,`validity`,`size_limit`,`time_limit`,`user_type`,`Date`) values (1,'Junior hotspot','7',0,30,256000,180000,'studio_user','2017-08-20'),(2,'Startup hotspot','25',4.9,30,358400,300000,'studio_user','2017-08-19'),(3,'Medium hotspot','50',9.9,30,512000,0,'studio_user','2017-08-18'),(4,'Professional hotspot','0',19.9,30,768000,0,'studio_user','2017-08-17'),(5,'Junior hotspot','0',0,30,768000,0,'normal_user','2017-08-22');

/*Table structure for table `payment_error_logs` */

DROP TABLE IF EXISTS `payment_error_logs`;

CREATE TABLE `payment_error_logs` (
  `id` int(11) NOT NULL AUTO_INCREMENT,
  `paypal_error_msg` text NOT NULL,
  `system_error_msg` text NOT NULL,
  `studio_id` int(11) NOT NULL,
  `date` datetime NOT NULL,
  PRIMARY KEY (`id`)
) ENGINE=InnoDB AUTO_INCREMENT=66 DEFAULT CHARSET=utf8;

/*Data for the table `payment_error_logs` */

insert  into `payment_error_logs`(`id`,`paypal_error_msg`,`system_error_msg`,`studio_id`,`date`) values (4,'Got Http response code 400 when accessing https://api.sandbox.paypal.com/v1/vault/credit-cards.','Error in Doing Payment',86,'2017-09-14 14:15:27'),(5,'Got Http response code 400 when accessing https://api.sandbox.paypal.com/v1/vault/credit-cards.','Error in Doing Payment',86,'2017-09-14 14:15:30'),(6,'Got Http response code 400 when accessing https://api.sandbox.paypal.com/v1/vault/credit-cards.','Error in Doing Payment',86,'2017-09-14 14:15:55'),(7,'Got Http response code 400 when accessing https://api.sandbox.paypal.com/v1/vault/credit-cards.','Error in Doing Payment',415,'2017-09-14 14:22:02'),(8,'Got Http response code 400 when accessing https://api.sandbox.paypal.com/v1/vault/credit-cards.','Error in Doing Payment',415,'2017-09-14 14:22:12'),(9,'Got Http response code 400 when accessing https://api.sandbox.paypal.com/v1/vault/credit-cards.','Error in Doing Payment',415,'2017-09-14 14:22:24'),(10,'Got Http response code 400 when accessing https://api.sandbox.paypal.com/v1/vault/credit-cards.','Error in Doing Payment',415,'2017-09-14 14:22:34'),(11,'Got Http response code 400 when accessing https://api.sandbox.paypal.com/v1/vault/credit-cards.','Error in Doing Payment',86,'2017-09-14 14:22:36'),(12,'Got Http response code 400 when accessing https://api.sandbox.paypal.com/v1/vault/credit-cards.','Error in Doing Payment',415,'2017-09-14 14:24:39'),(13,'Got Http response code 400 when accessing https://api.sandbox.paypal.com/v1/vault/credit-cards.','Error in Doing Payment',86,'2017-09-14 14:25:13'),(14,'Got Http response code 400 when accessing https://api.sandbox.paypal.com/v1/vault/credit-cards.','Error in Doing Payment',86,'2017-09-15 06:31:48'),(15,'Got Http response code 400 when accessing https://api.sandbox.paypal.com/v1/vault/credit-cards.','Error in Doing Payment',86,'2017-09-15 06:34:21'),(16,'Run from cron job','Run from cron job',0,'2017-09-15 06:39:10'),(17,'Run from cron job','Run from cron job',0,'2017-09-15 06:40:55'),(18,'Run from cron job','Run from cron job',0,'2017-09-15 06:40:57'),(19,'Run from cron job','Run from cron job',0,'2017-09-15 06:42:12'),(20,'Run from cron job','Run from cron job',0,'2017-09-15 06:42:15'),(21,'Run from cron job','Run from cron job',0,'2017-09-15 06:42:48'),(22,'Run from cron job','Run from cron job',0,'2017-09-15 06:46:20'),(23,'Run from cron job','Run from cron job',0,'2017-09-15 06:46:22'),(24,'Run from cron job','Run from cron job',0,'2017-09-15 06:46:28'),(25,'Run from cron job','Run from cron job',0,'2017-09-15 06:47:28'),(26,'Run from cron job','Run from cron job',0,'2017-09-15 06:48:03'),(27,'Got Http response code 400 when accessing https://api.sandbox.paypal.com/v1/vault/credit-cards.','Error in Doing Payment',86,'2017-09-15 06:48:26'),(28,'Got Http response code 400 when accessing https://api.sandbox.paypal.com/v1/vault/credit-cards.','Error in Doing Payment',86,'2017-09-15 06:48:29'),(29,'Run from cron job','Run from cron job',0,'2017-09-15 06:48:51'),(30,'Run from cron job','Run from cron job',0,'2017-09-15 06:48:54'),(31,'Run from cron job','Run from cron job',0,'2017-09-15 06:49:00'),(32,'Run from cron job','Run from cron job',0,'2017-09-15 06:49:30'),(33,'Run from cron job','Run from cron job',0,'2017-09-15 06:50:10'),(34,'Run from cron job','Run from cron job',0,'2017-09-15 06:50:46'),(35,'Run from cron job','Run from cron job',0,'2017-09-15 06:52:08'),(36,'Got Http response code 404 when accessing https://api.sandbox.paypal.com/v1/payments/payment.','Error in Doing Payment',86,'2017-09-15 11:52:10'),(37,'Run from cron job','Run from cron job',0,'2017-09-15 06:54:31'),(38,'Run from cron job','Run from cron job',0,'2017-09-15 06:54:49'),(39,'Run from cron job','Run from cron job',0,'2017-09-15 06:55:33'),(40,'Got Http response code 400 when accessing https://api.sandbox.paypal.com/v1/vault/credit-cards.','Error in Doing Payment',86,'2017-09-15 07:05:58'),(41,'Got Http response code 400 when accessing https://api.sandbox.paypal.com/v1/vault/credit-cards.','Error in Doing Payment',86,'2017-09-15 07:06:03'),(42,'Got Http response code 400 when accessing https://api.sandbox.paypal.com/v1/vault/credit-cards.','Error in Doing Payment',86,'2017-09-15 07:06:31'),(43,'Got Http response code 400 when accessing https://api.sandbox.paypal.com/v1/vault/credit-cards.','Error in Doing Payment',86,'2017-09-15 07:08:09'),(44,'Got Http response code 400 when accessing https://api.sandbox.paypal.com/v1/vault/credit-cards.','Error in Doing Payment',86,'2017-09-15 07:09:12'),(45,'Got Http response code 400 when accessing https://api.sandbox.paypal.com/v1/vault/credit-cards.','Error in Doing Payment',86,'2017-09-15 07:09:15'),(46,'Got Http response code 400 when accessing https://api.sandbox.paypal.com/v1/vault/credit-cards.','Error in Doing Payment',86,'2017-09-15 07:09:19'),(47,'Got Http response code 400 when accessing https://api.sandbox.paypal.com/v1/vault/credit-cards.','Error in Doing Payment',86,'2017-09-15 07:10:11'),(48,'Got Http response code 400 when accessing https://api.sandbox.paypal.com/v1/vault/credit-cards.','Error in Doing Payment',86,'2017-09-15 07:10:13'),(49,'Got Http response code 400 when accessing https://api.sandbox.paypal.com/v1/vault/credit-cards.','Error in create card',86,'2017-09-15 07:11:08'),(50,'Got Http response code 400 when accessing https://api.sandbox.paypal.com/v1/vault/credit-cards.','Error in create card',86,'2017-09-15 07:13:43'),(51,'Got Http response code 400 when accessing https://api.sandbox.paypal.com/v1/vault/credit-cards.','Error in create card',415,'2017-09-15 07:28:21'),(52,'Got Http response code 400 when accessing https://api.sandbox.paypal.com/v1/vault/credit-cards.','Error in create card',415,'2017-09-15 07:35:21'),(53,'Run from cron job','Run from cron job',0,'2017-09-15 08:24:41'),(54,'Run from cron job','Run from cron job',0,'2017-09-15 08:24:44'),(55,'Run from cron job','Run from cron job',0,'2017-09-15 08:24:58'),(56,'Run from cron job','Run from cron job',0,'2017-09-15 08:25:00'),(57,'Run from cron job','Run from cron job',0,'2017-09-15 08:28:23'),(58,'Run from cron job','Run from cron job',0,'2017-09-15 08:28:58'),(59,'Run from cron job','Run from cron job',0,'2017-09-15 08:28:59'),(60,'Run from cron job','Run from cron job',0,'2017-09-15 08:29:14'),(61,'Run from cron job','Run from cron job',0,'2017-09-15 08:29:15'),(62,'Run from cron job','Run from cron job',0,'2017-09-15 08:29:41'),(63,'Run from cron job','Run from cron job',0,'2017-09-15 08:29:43'),(64,'Run from cron job','Run from cron job',0,'2017-09-15 08:31:47'),(65,'Run from cron job','Run from cron job',0,'2017-09-15 08:31:51');

/*Table structure for table `payment_invoices` */

DROP TABLE IF EXISTS `payment_invoices`;

CREATE TABLE `payment_invoices` (
  `id` int(20) NOT NULL AUTO_INCREMENT,
  `product_name` varchar(200) DEFAULT NULL,
  `create_time` varchar(200) DEFAULT NULL,
  `paypalid` text,
  `amount` varchar(200) DEFAULT NULL,
  `currency_code` varchar(200) DEFAULT NULL,
  `short_description` text,
  `userid` int(200) DEFAULT NULL,
  `packageid` int(200) DEFAULT NULL,
  `platform` text NOT NULL,
  `end_date` datetime DEFAULT NULL,
  PRIMARY KEY (`id`)
) ENGINE=InnoDB AUTO_INCREMENT=103 DEFAULT CHARSET=latin1;

/*Data for the table `payment_invoices` */

insert  into `payment_invoices`(`id`,`product_name`,`create_time`,`paypalid`,`amount`,`currency_code`,`short_description`,`userid`,`packageid`,`platform`,`end_date`) values (1,'hotspot','2014-07-18T18:46:55Z','PAY-18X32451H0459092JKO7KFUI','0.01','USD','sample item',86,2,'','2017-08-25 10:30:59'),(2,'hotspot','2014-07-18T18:46:55Z','PAY-18X32451H0459092JKO7KFUI','0.01','USD','sample item',86,2,'','2017-08-25 10:31:14'),(3,'hotspot','2014-07-18T18:46:55Z','PAY-18X32451H0459092JKO7KFUI','0.01','USD','sample item',86,2,'','2017-08-25 10:31:18'),(4,'hotspot','2014-07-18T18:46:55Z','PAY-18X32451H0459092JKO7KFUI','0.01','USD','sample item',86,2,'',NULL),(5,'hotspot','2014-07-18T18:46:55Z','PAY-18X32451H0459092JKO7KFUI','0.01','USD','sample item',86,2,'',NULL),(19,'hotspot','2014-07-18T18:46:55Z','PAY-18X32451H0459092JKO7KFUI','0.01','USD','sample item',86,2,'','2014-08-17 00:00:00'),(20,'hotspot','2017-08-28T18:46:55Z','PAY-18X32451H0459092JKO7KFUI','0.01','USD','sample item',86,2,'','2017-09-27 00:00:00'),(21,'hotspot','2017-08-28T18:46:55Z','PAY-18X32451H0459092JKO7KFUI','0.01','USD','sample item',86,2,'','2017-09-27 00:00:00'),(22,'hotspot','2017-08-28T18:46:55Z','PAY-18X32451H0459092JKO7KFUI','0.01','USD','sample item',86,2,'','2017-09-27 00:00:00'),(23,'Startup hotspot','2017-08-28 15:48:16','PAY-NONETWORKPAYIDEXAMPLE123','4.9','USD','Startup hotspot',405,2,'','2017-09-27 00:00:00'),(24,'Professional hotspot','2017-08-28 16:26:59','PAY-NONETWORKPAYIDEXAMPLE123','19.9','USD','Professional hotspot',381,4,'','2017-09-27 00:00:00'),(25,'Medium hotspot','2017-08-28 16:26:59','PAY-NONETWORKPAYIDEXAMPLE123','9.9','USD','Medium hotspot',381,3,'','2017-09-27 00:00:00'),(26,'Startup hotspot','2017-08-28 16:26:59','PAY-NONETWORKPAYIDEXAMPLE123','4.9','USD','Startup hotspot',381,2,'','2017-09-27 00:00:00'),(27,'Medium hotspot','2017-08-28 16:26:59','PAY-NONETWORKPAYIDEXAMPLE123','9.9','USD','Medium hotspot',381,3,'','2017-09-27 00:00:00'),(28,'Medium hotspot','2017-08-28 16:26:59','PAY-NONETWORKPAYIDEXAMPLE123','9.9','USD','Medium hotspot',381,3,'','2017-09-27 00:00:00'),(29,'Professional hotspot','2017-08-28 16:26:59','PAY-NONETWORKPAYIDEXAMPLE123','19.9','USD','Professional hotspot',381,4,'','2017-09-27 00:00:00'),(30,'Medium hotspot','2017-08-28 16:26:59','PAY-NONETWORKPAYIDEXAMPLE123','9.9','USD','Medium hotspot',381,3,'','2017-09-27 00:00:00'),(31,'Startup hotspot','2017-08-29 17:17:07','PAY-NONETWORKPAYIDEXAMPLE123','4.9','USD','Startup hotspot',421,2,'','2017-09-28 00:00:00'),(32,'Startup hotspot','2017-08-31T08:11:46Z','2E004162A1580140S','4.90','USD','HotSpot Invoice',86,2,'','2017-09-30 00:00:00'),(33,'Startup hotspot','2017-08-31T08:16:35Z','82E66236X7756435A','4.90','USD','HotSpot Invoice',86,2,'','2017-09-30 00:00:00'),(34,'Medium hotspot','2017-08-31T08:17:40Z','1V585979J60794548','9.90','USD','HotSpot Invoice',86,3,'','2017-09-30 00:00:00'),(35,'Medium hotspot','2017-08-31T09:08:17Z','4N880633SD0966124','9.90','USD','HotSpot Invoice',421,3,'','2017-09-30 00:00:00'),(36,'Medium hotspot','2017-08-31T08:17:40Z','1V585979J60794548','9.90','USD','HotSpot Invoice',86,3,'','2017-09-30 00:00:00'),(37,'Medium hotspot','2017-08-31T09:52:37Z','6K062495UF7957045','9.90','USD','HotSpot Invoice',86,3,'','2017-09-30 00:00:00'),(38,'Medium hotspot','2017-08-31T09:52:37Z','6K062495UF7957045','9.90','USD','HotSpot Invoice',86,3,'','2017-09-30 00:00:00'),(39,'Startup hotspot','2017-08-31T10:04:24Z','26402582YH1196622','4.90','USD','HotSpot Invoice',421,2,'','2017-09-30 00:00:00'),(40,'Medium hotspot','2017-08-31T11:45:35Z','7CX64414MG7659713','9.90','USD','HotSpot Invoice',405,3,'','2017-09-30 00:00:00'),(41,'Startup hotspot','2017-08-31T11:48:50Z','3NJ49310209274838','4.90','USD','HotSpot Invoice',405,2,'','2017-09-30 00:00:00'),(42,'Medium hotspot','2017-08-31T12:00:36Z','7HU01638E1647710K','9.90','USD','HotSpot Invoice',405,3,'','2017-09-30 00:00:00'),(43,'Startup hotspot','2017-08-31T12:08:12Z','1TN87069EB397110F','4.90','USD','HotSpot Invoice',405,2,'','2017-09-30 00:00:00'),(44,'Medium hotspot','2017-08-31T12:09:21Z','74D64980KD2237926','9.90','USD','HotSpot Invoice',405,3,'','2017-09-30 00:00:00'),(45,'Startup hotspot','2017-08-31T12:12:05Z','0LS69342DH321213D','4.90','USD','HotSpot Invoice',405,2,'','2017-09-30 00:00:00'),(46,'Medium hotspot','2017-08-31T12:13:43Z','79U10607AH777032M','9.90','USD','HotSpot Invoice',405,3,'','2017-09-30 00:00:00'),(47,'hotspot','2017-08-28T18:46:55Z','PAY-18X32451H0459092JKO7KFUI','0.01','USD','sample item',86,2,'android','2017-09-27 00:00:00'),(48,'hotspot','2017-08-28T18:46:55Z','PAY-18X32451H0459092JKO7KFUI','0.01','USD','sample item',86,2,'android','2017-09-27 00:00:00'),(49,'Startup hotspot','2017-09-12T10:56:53Z','PAY-4V465235NM8047120LG3325I','4.90','USD','Startup hotspot',86,2,'android','2017-10-12 10:56:53'),(50,'Medium hotspot','2017-09-12T10:58:22Z','PAY-2YL53060G93176145LG333TQ','9.90','USD','Medium hotspot',86,3,'android','2017-10-12 10:58:22'),(51,'Medium hotspot','2017-09-12T11:01:02Z','PAY-3SG48536YC322780GLG3343Q','9.90','USD','Medium hotspot',86,3,'android','2017-10-12 11:01:02'),(52,'Medium hotspot','2017-09-12T11:01:55Z','PAY-9N421050H64420920LG335IY','9.90','USD','Medium hotspot',86,3,'android','2017-10-12 11:01:55'),(53,'Medium hotspot','2017-09-12T11:05:00Z','PAY-1SN168222D924402SLG336XA','9.90','USD','Medium hotspot',86,3,'android','2017-10-12 11:05:00'),(54,'Medium hotspot','2017-09-12T11:05:59Z','PAY-71608135AR1849715LG337FY','9.90','USD','Medium hotspot',86,3,'android','2017-10-12 11:05:59'),(55,'Medium hotspot','2017-09-12T11:08:26Z','PAY-8K057300VM2103408LG34AKQ','9.90','USD','Medium hotspot',86,3,'android','2017-10-12 11:08:26'),(56,'Medium hotspot','2017-09-12T11:11:00Z','PAY-6X425489BG887110ELG34BRA','9.90','USD','Medium hotspot',86,3,'android','2017-10-12 11:11:00'),(57,'Medium hotspot','2017-09-12T12:23:26Z','PAY-2U851099WK368014MLG35DPQ','9.90','USD','Medium hotspot',86,3,'android','2017-10-12 12:23:26'),(58,'Medium hotspot','2017-09-12T13:20:40Z','PAY-1W8894111A375541XLG356KA','9.90','USD','Medium hotspot',86,3,'android','2017-10-12 13:20:40'),(59,'Medium hotspot','2017-09-12T13:22:10Z','PAY-8L667416FW0710230LG357AQ','9.90','USD','Medium hotspot',86,3,'android','2017-10-12 13:22:10'),(60,'Medium hotspot','2017-09-12T22:19:14Z','PAY-14L575858J864902VLG4F2YQ','9.90','USD','Medium hotspot',86,3,'android','2017-10-12 22:19:14'),(61,'Medium hotspot','2017-09-12T22:20:36Z','PAY-7FR18197NF460713FLG4F3NA','9.90','USD','Medium hotspot',86,3,'android','2017-10-12 22:20:36'),(62,'Medium hotspot','2017-09-13 13:40:51','PAY-89U6263515193151GLG4TKXQ','9.90','USD','Medium hotspot',86,3,'android','2017-10-13 13:40:51'),(63,'Medium hotspot','2017-09-14 12:45:04','PAY-32N81897VJ529034VLG5HTSY','9.90','USD','Medium hotspot',86,3,'android','2017-10-14 12:45:04'),(64,'Medium hotspot','2017-09-14 12:46:08','PAY-0VR48699JB910214GLG5HT4Q','9.90','USD','Medium hotspot',86,3,'android','2017-10-14 12:46:08'),(65,'Medium hotspot','2017-09-14 13:43:26','PAY-36L51074EK245015RLG5IO6Q','9.90','USD','Medium hotspot',86,3,'android','2017-10-14 13:43:26'),(66,'Medium hotspot','2017-09-14 13:58:15','PAY-5BD45652643955142LG5IV4Q','9.90','USD','Medium hotspot',86,3,'android','2017-10-14 13:58:15'),(67,'Medium hotspot','2017-09-14 13:59:13','PAY-11M15378518811910LG5IWJY','9.90','USD','Medium hotspot',86,3,'android','2017-10-14 13:59:13'),(68,'Medium hotspot','2017-09-14 14:02:38','PAY-6F88930479733771CLG5IX6I','9.90','USD','Medium hotspot',86,3,'android','2017-10-14 14:02:38'),(69,'Medium hotspot','2017-09-14 14:03:00','PAY-6U10054405471414KLG5IYEA','9.90','USD','Medium hotspot',86,3,'android','2017-10-14 14:03:00'),(70,'Medium hotspot','2017-09-14 14:03:43','PAY-3M060382H67899510LG5IYKY','9.90','USD','Medium hotspot',86,3,'android','2017-10-14 14:03:43'),(71,'Medium hotspot','2017-09-14 14:16:19','PAY-3WD07505YS463925BLG5I6KQ','9.90','USD','Medium hotspot',86,3,'android','2017-10-14 14:16:19'),(72,'Medium hotspot','2017-09-14 14:24:01','PAY-81L91600RB6480944LG5JB7A','9.90','USD','Medium hotspot',86,3,'android','2017-10-14 14:24:01'),(73,'Medium hotspot','2017-09-14 14:25:39','PAY-6RA581219K159683CLG5JCXQ','9.90','USD','Medium hotspot',86,3,'android','2017-10-14 14:25:39'),(74,'Medium hotspot','2017-09-14 14:25:52','PAY-8KJ90378N8225633TLG5JC2Y','9.90','USD','Medium hotspot',86,3,'android','2017-10-14 14:25:52'),(75,'Medium hotspot','2017-09-14 14:26:46','PAY-6T98796124957570GLG5JDHA','9.90','USD','Medium hotspot',86,3,'android','2017-10-14 14:26:46'),(76,'Medium hotspot','2017-09-14 14:27:23','PAY-3DM79216V36918824LG5JDRY','9.90','USD','Medium hotspot',86,3,'android','2017-10-14 14:27:23'),(77,'Medium hotspot','2017-09-14 14:28:49','PAY-48N77619XR8028029LG5JEGI','9.90','USD','Medium hotspot',86,3,'android','2017-10-14 14:28:49'),(78,'Startup hotspot','2017-09-14 14:29:41','PAY-65P15706GS034814HLG5JETY','4.90','USD','Startup hotspot',415,2,'iphone','2017-10-14 14:29:41'),(79,'Medium hotspot','2017-09-14 14:33:43','PAY-9TH076049G517292PLG5JGQQ','9.90','USD','Medium hotspot',415,3,'iphone','2017-10-14 14:33:43'),(80,'Medium hotspot','2017-09-15 05:52:32','PAY-7RJ94816R07008125LG5WVGI','9.90','USD','Medium hotspot',86,3,'android','2017-10-15 05:52:32'),(81,'Medium hotspot','2017-09-15 05:54:31','PAY-3JK55100UP994110FLG5WWEQ','9.90','USD','Medium hotspot',86,3,'android','2017-10-15 05:54:31'),(82,'Medium hotspot','2017-09-15 05:59:03','PAY-4TE07339DR6454726LG5WYIQ','9.90','USD','Medium hotspot',86,3,'android','2017-10-15 05:59:03'),(83,'Medium hotspot','2017-09-15 06:05:21','PAY-1EE25337VF225920LLG5W3HA','9.90','USD','Medium hotspot',86,3,'android','2017-10-15 06:05:21'),(84,'Medium hotspot','2017-09-15 06:05:52','PAY-2DA40512M7892074XLG5W3OA','9.90','USD','Medium hotspot',86,3,'android','2017-10-15 06:05:52'),(85,'Medium hotspot','2017-09-15 06:09:44','PAY-10A04243WX407684RLG5W5IY','9.90','USD','Medium hotspot',86,3,'android','2017-10-15 06:09:44'),(86,'Medium hotspot','2017-09-15 06:23:29','PAY-73317485J2400991XLG5XDXA','9.90','USD','Medium hotspot',86,3,'android','2017-10-15 06:23:29'),(87,'Medium hotspot','2017-09-15 06:35:36','PAY-9WL73328V1291090KLG5XJKY','9.90','USD','Medium hotspot',86,3,'android','2017-10-15 06:35:36'),(88,'Medium hotspot','2017-09-15 06:35:50','PAY-4WE664743L4630939LG5XJQI','9.90','USD','Medium hotspot',86,3,'android','2017-10-15 06:35:50'),(89,'Medium hotspot','2017-09-15 06:37:15','PAY-76951341FT594950MLG5XKFA','9.90','USD','Medium hotspot',86,3,'android','2017-10-15 06:37:15'),(90,'Medium hotspot','2017-09-15 06:49:07','PAY-2TD62723Y6729093ELG5XPUI','9.90','USD','Medium hotspot',86,3,'android','2017-10-15 06:49:07'),(91,'Medium hotspot','2017-09-15 06:53:29','PAY-5NX12916Y6721100NLG5XRYY','9.90','USD','Medium hotspot',86,3,'android','2017-10-15 06:53:29'),(92,'Medium hotspot','2017-09-15 11:55:38','PAY-52H171639Y1596006LG5XSZQ','9.90','USD','Medium hotspot',86,3,'Cron Job','2017-10-15 11:55:38'),(93,'Medium hotspot','2017-09-15 07:12:18','PAY-0YP53876NX747233VLG5X2TA','9.90','USD','Medium hotspot',86,3,'android','2017-10-15 07:12:18'),(94,'Medium hotspot','2017-09-15 07:14:01','PAY-0LG00970H0881432ELG5X3NA','9.90','USD','Medium hotspot',86,3,'android','2017-10-15 07:14:01'),(95,'Medium hotspot','2017-09-15 07:17:19','PAY-2XP01120CS044424XLG5X46I','9.90','USD','Medium hotspot',86,3,'android','2017-10-15 07:17:19'),(96,'Medium hotspot','2017-09-15 07:20:53','PAY-7FF99752PT713545YLG5X6TQ','9.90','USD','Medium hotspot',86,3,'android','2017-10-15 07:20:53'),(97,'Startup hotspot','2017-09-15 07:30:30','PAY-71M35532YN590245JLG5YDEA','4.90','USD','Startup hotspot',415,2,'iphone','2017-10-15 07:30:30'),(98,'Professional hotspot','2017-09-15 07:31:13','PAY-10C84986GN885770FLG5YDPA','19.90','USD','Professional hotspot',415,4,'iphone','2017-10-15 07:31:13'),(99,'Startup hotspot','2017-09-15 07:31:56','PAY-0EU81759W3775282SLG5YDZY','4.90','USD','Startup hotspot',415,2,'iphone','2017-10-15 07:31:56'),(100,'Professional hotspot','2017-09-15 07:32:47','PAY-2UU47279SL7294227LG5YEGY','19.90','USD','Professional hotspot',415,4,'iphone','2017-10-15 07:32:47'),(101,'Startup hotspot','2017-09-15 07:39:07','PAY-2NM64971E2116501WLG5YHFQ','4.90','USD','Startup hotspot',415,2,'iphone','2017-10-15 07:39:07'),(102,'Medium hotspot','2017-09-19 10:00:17','PAY-37S45232AW4514524LHAOVKQ','9.90','USD','Medium hotspot',86,3,'android','2017-10-19 10:00:17');

/*Table structure for table `paypal_payment_cards` */

DROP TABLE IF EXISTS `paypal_payment_cards`;

CREATE TABLE `paypal_payment_cards` (
  `id` int(11) NOT NULL AUTO_INCREMENT,
  `studio_id` int(11) DEFAULT NULL,
  `package_id` int(11) DEFAULT NULL,
  `paypal_card_id` varchar(200) DEFAULT NULL,
  `date` datetime DEFAULT NULL,
  `end_date` datetime NOT NULL,
  `is_working` int(11) DEFAULT '1',
  PRIMARY KEY (`id`)
) ENGINE=InnoDB AUTO_INCREMENT=44 DEFAULT CHARSET=utf8;

/*Data for the table `paypal_payment_cards` */

insert  into `paypal_payment_cards`(`id`,`studio_id`,`package_id`,`paypal_card_id`,`date`,`end_date`,`is_working`) values (42,415,2,'CARD-8NT66410FW8414235LG5YHFI','2017-09-15 07:39:07','2017-10-15 07:39:07',1),(43,86,3,'CARD-8D3044012B641024ULHAOVII','2017-09-19 10:00:17','2017-10-19 10:00:17',1);

/*Table structure for table `push_notifications` */

DROP TABLE IF EXISTS `push_notifications`;

CREATE TABLE `push_notifications` (
  `id` int(11) unsigned NOT NULL AUTO_INCREMENT,
  `title` varchar(150) DEFAULT NULL,
  `body` text,
  `push_data` blob,
  `sent_to` text,
  `device_token` text,
  `created_on` timestamp NOT NULL DEFAULT CURRENT_TIMESTAMP,
  `is_read` tinyint(1) DEFAULT '0',
  `status` enum('sent','failed','pending') DEFAULT 'pending',
  PRIMARY KEY (`id`)
) ENGINE=InnoDB AUTO_INCREMENT=7 DEFAULT CHARSET=utf8;

/*Data for the table `push_notifications` */

insert  into `push_notifications`(`id`,`title`,`body`,`push_data`,`sent_to`,`device_token`,`created_on`,`is_read`,`status`) values (1,'Request For Being Staff Member','sami ahmed has added you as their staff member do you accept that ?','{\"contact\":\"+12344567777\",\"name\":\"Aqib Ahmed\",\"profile_pic\":\"http:\\/\\/localhost\\/hotspot\\/assets\\/uploads\\/memberspublic\\/assets\\/uploads\\/images\\/2017\\/08\\/studioapp_up_1502794034.jpg\",\"member_staffrowid\":238,\"parent_id\":396,\"device_token\":\"123\",\"member_category_id\":\"9,10\",\"categoryName\":\"Hair Dresser ,Nail Design\",\"subcategory\":\"Style Set,Acrylic Set Refill\"}','396','123','2017-09-27 14:40:30',0,'pending'),(2,'Request For Being Staff Member','sami ahmed has added you as their staff member do you accept that ?','{\"contact\":\"+12344567777\",\"name\":\"Aqib Ahmed\",\"profile_pic\":\"http:\\/\\/localhost\\/hotspot\\/assets\\/uploads\\/memberspublic\\/assets\\/uploads\\/images\\/2017\\/08\\/studioapp_up_1502794034.jpg\",\"member_staffrowid\":238,\"parent_id\":396,\"device_token\":\"123\",\"status\":0,\"member_category_id\":\"9,10\",\"categoryName\":\"Hair Dresser ,Nail Design\",\"subcategory\":\"Style Set,Acrylic Set Refill\"}','396','123','2017-09-27 14:48:48',0,'pending'),(3,'Request For Being Staff Member','sami ahmed has added you as their staff member do you accept that ?','{\"contact\":\"+12344567777\",\"name\":\"Aqib Ahmed\",\"profile_pic\":\"http:\\/\\/localhost\\/hotspot\\/assets\\/uploads\\/memberspublic\\/assets\\/uploads\\/images\\/2017\\/08\\/studioapp_up_1502794034.jpg\",\"member_staffrowid\":279,\"parent_id\":396,\"device_token\":\"123\",\"status\":0,\"member_category_id\":\"10,9\",\"categoryName\":\"Nail Design,Hair Dresser \",\"subcategory\":\"Style Set,Acrylic Set Refill\"}','396','123','2017-09-27 14:49:45',0,'pending'),(4,'Request For Being Staff Member','sami ahmed has added you as their staff member do you accept that ?','{\"contact\":\"+12344567777\",\"name\":\"Aqib Ahmed\",\"profile_pic\":\"http:\\/\\/localhost\\/hotspot\\/assets\\/uploads\\/memberspublic\\/assets\\/uploads\\/images\\/2017\\/08\\/studioapp_up_1502794034.jpg\",\"member_staffrowid\":282,\"parent_id\":396,\"device_token\":\"123\",\"status\":0,\"member_category_id\":\"10,9\",\"categoryName\":\"Nail Design,Hair Dresser \",\"subcategory\":\"Style Set,Acrylic Set Refill\"}','396','123','2017-09-27 15:33:01',0,'pending'),(5,'New Video Uploaded By The AA','The AA has upload their new video New Video Uploaded By The AA','{\"video_id\":12}','380','c-K1muiIrzg:APA91bFsDuP9d-susCGGIR4QOCUcC_IutVKUgG0DCJ0XvTyf7vF7Pr6srmDfh7onriuXnEJxShu36oy0P40mCesathqTbhjHGmOlMp23oDYnaP0Wu2D5bn1VQ8vuiUPNxTrQuXLQoRDv,a1312svcxbertwersdfasdfasdfasdfasdfasdfasdfasdfaewqrwerxcvz,dc_0R-iAfqo:APA91bFQnU9NJ4F2j7treg4kE99zNiRDk0RK68EUHUIPMdgErOED4CG83oDkZymTzfA0XKpMT_gzrYvVzFkdiQcBO15ee3LW2obmNSj246A8ZxaWOWZsrQVPzjsxah_A8DEEBf6U9W4P,cD_ilUD_NKE:APA91bGzPRR4r4hYF2zS5wtaD6ATCIs7_Agcai8KiCze3s3g5n_MdOjgO_NTa46wANK8ddplfc0ezLKJE2Yhq1pUO0_SfF6o6lwNii9gX--pPiGWrfVFdw9zSpFLi5SYFvLeXfBh6Zgl,fpRIQJDOKV4:APA91bEG-GShTXxFTOPFv7DLZMhtOCBazTbseWKjS6R-tro0zc2P9Z5MDZH8W3knxEh4uOyt_7vJm2_t-1IqyA_3shb6lb4hy-KQrL1OTYqKITfr8wAw02S6KmUWivXP2pMe_lKIkW01,a1312svcxbertwersdfasdfasdfasdfasdfasdfasdfasdfaewqrwerxcvz,cu4PwNoYR0k:APA91bGg8P3vwHkALJ6vHdNMn2K4LG-qpvFa2aV-3Rq1Z42dHM_ctZZYtyB5Bzea4m50nOmUO5ZAL76ZzcHFF5L-dLjsJqrf_HiVSWjhlbLGX6z3gwDg6QFe4b2qfAXOMDTNpSNhq-st,a1312svcxbertwersdfasdfasdfasdfasdfasdfasdfasdfaewqrwerxcvz,a1312svcxbertwersdfasdfasdfasdfasdfasdfasdfasdfaewqrwerxcvz,a1312svcxbertwersdf','2017-09-27 16:17:15',0,'pending'),(6,'New Video Uploaded By The AA','The AA has upload their new video New Video Uploaded By The AA','{\"video_id\":12}','380,381,382,405,415,438,439,444,445,447,448,450,451,469,470,471,472,473,474,475,476,477,479,480,481,482,483,484,485,486,487,488,489,490,491,494,495,499,500,501,502,506,508,509,510,513,514,518,521,522,523,524,525,538,540,541,544,545,546,547,556,557,570,571,575,576,578,579,580,581,582,590,591,594,595,601,602,629,650,652,653,654,659','c-K1muiIrzg:APA91bFsDuP9d-susCGGIR4QOCUcC_IutVKUgG0DCJ0XvTyf7vF7Pr6srmDfh7onriuXnEJxShu36oy0P40mCesathqTbhjHGmOlMp23oDYnaP0Wu2D5bn1VQ8vuiUPNxTrQuXLQoRDv,a1312svcxbertwersdfasdfasdfasdfasdfasdfasdfasdfaewqrwerxcvz,dc_0R-iAfqo:APA91bFQnU9NJ4F2j7treg4kE99zNiRDk0RK68EUHUIPMdgErOED4CG83oDkZymTzfA0XKpMT_gzrYvVzFkdiQcBO15ee3LW2obmNSj246A8ZxaWOWZsrQVPzjsxah_A8DEEBf6U9W4P,cD_ilUD_NKE:APA91bGzPRR4r4hYF2zS5wtaD6ATCIs7_Agcai8KiCze3s3g5n_MdOjgO_NTa46wANK8ddplfc0ezLKJE2Yhq1pUO0_SfF6o6lwNii9gX--pPiGWrfVFdw9zSpFLi5SYFvLeXfBh6Zgl,fpRIQJDOKV4:APA91bEG-GShTXxFTOPFv7DLZMhtOCBazTbseWKjS6R-tro0zc2P9Z5MDZH8W3knxEh4uOyt_7vJm2_t-1IqyA_3shb6lb4hy-KQrL1OTYqKITfr8wAw02S6KmUWivXP2pMe_lKIkW01,a1312svcxbertwersdfasdfasdfasdfasdfasdfasdfasdfaewqrwerxcvz,cu4PwNoYR0k:APA91bGg8P3vwHkALJ6vHdNMn2K4LG-qpvFa2aV-3Rq1Z42dHM_ctZZYtyB5Bzea4m50nOmUO5ZAL76ZzcHFF5L-dLjsJqrf_HiVSWjhlbLGX6z3gwDg6QFe4b2qfAXOMDTNpSNhq-st,a1312svcxbertwersdfasdfasdfasdfasdfasdfasdfasdfaewqrwerxcvz,a1312svcxbertwersdfasdfasdfasdfasdfasdfasdfasdfaewqrwerxcvz,a1312svcxbertwersdf','2017-09-27 16:18:46',0,'pending');

/*Table structure for table `social_links` */

DROP TABLE IF EXISTS `social_links`;

CREATE TABLE `social_links` (
  `id` int(11) NOT NULL AUTO_INCREMENT,
  `studio_id` int(11) DEFAULT NULL,
  `sharing_link` text,
  `site_name` enum('facebook','twitter','linkedin') DEFAULT NULL,
  PRIMARY KEY (`id`)
) ENGINE=InnoDB AUTO_INCREMENT=4 DEFAULT CHARSET=latin1;

/*Data for the table `social_links` */

insert  into `social_links`(`id`,`studio_id`,`sharing_link`,`site_name`) values (1,86,'https://www.facebook.com/','facebook'),(2,86,'https://twitter.com/','twitter'),(3,86,'https://pk.linkedin.com/','linkedin');

/*Table structure for table `staff_member` */

DROP TABLE IF EXISTS `staff_member`;

CREATE TABLE `staff_member` (
  `id` int(11) NOT NULL AUTO_INCREMENT,
  `studio_id` int(11) DEFAULT NULL,
  `service_id` int(11) DEFAULT NULL,
  `parent_id` int(11) DEFAULT NULL,
  `status` tinyint(1) DEFAULT '0',
  PRIMARY KEY (`id`)
) ENGINE=InnoDB AUTO_INCREMENT=283 DEFAULT CHARSET=latin1;

/*Data for the table `staff_member` */

insert  into `staff_member`(`id`,`studio_id`,`service_id`,`parent_id`,`status`) values (44,120,2,121,0),(45,120,2,122,0),(51,405,1,146,0),(54,148,1,107,0),(57,214,2,135,0),(62,275,1,124,0),(70,368,1,181,0),(72,133,2,211,0),(73,133,1,211,0),(74,133,1,338,0),(75,133,1,338,0),(76,86,2,117,0),(79,86,2,188,0),(102,378,127,380,0),(128,375,141,382,0),(130,375,141,388,0),(134,407,143,406,0),(136,405,159,422,0),(137,405,161,425,0),(167,405,159,439,0),(169,438,185,426,0),(173,405,159,450,0),(175,405,165,451,0),(178,415,147,470,0),(180,502,232,462,0),(181,502,230,462,0),(182,502,232,475,0),(183,502,230,475,0),(184,381,237,495,0),(185,381,236,495,0),(186,538,241,554,0),(189,573,244,544,0),(190,573,243,544,0),(192,603,269,550,0),(197,597,263,572,0),(198,597,264,572,0),(200,86,279,397,0),(201,614,278,545,0),(202,86,30,255,0),(203,86,31,255,0),(204,86,32,255,0),(205,86,30,22,0),(206,86,31,22,0),(207,86,32,22,0),(208,86,30,22,0),(209,86,31,22,0),(210,86,32,22,0),(211,86,30,22,0),(212,86,31,22,0),(213,86,32,22,0),(238,86,30,396,0),(239,86,31,396,0),(240,86,32,396,0),(241,86,30,396,0),(242,86,31,396,0),(243,86,32,396,0),(244,86,30,396,0),(245,86,31,396,0),(246,86,32,396,0),(247,86,30,396,0),(248,86,31,396,0),(249,86,32,396,0),(250,86,30,396,0),(251,86,31,396,0),(252,86,32,396,0),(253,86,30,396,0),(254,86,31,396,0),(255,86,32,396,0),(256,86,30,396,0),(257,86,31,396,0),(258,86,32,396,0),(259,86,30,396,0),(260,86,31,396,0),(261,86,32,396,0),(262,86,30,396,0),(263,86,31,396,0),(264,86,32,396,0),(265,86,30,396,0),(266,86,31,396,0),(267,86,32,396,0),(268,86,30,396,0),(269,86,31,396,0),(270,86,32,396,0),(271,86,30,396,0),(272,86,31,396,0),(273,86,32,396,0),(274,86,30,396,0),(275,86,31,396,0),(276,86,32,396,0),(277,86,30,396,0),(278,86,31,396,0),(279,86,32,396,0),(280,86,30,396,0),(281,86,31,396,0),(282,86,32,396,0);

/*Table structure for table `studio_reviews` */

DROP TABLE IF EXISTS `studio_reviews`;

CREATE TABLE `studio_reviews` (
  `id` int(11) NOT NULL AUTO_INCREMENT,
  `studio_id` int(11) DEFAULT NULL,
  `user_id` int(11) DEFAULT NULL,
  `comments` text,
  `date` timestamp NOT NULL DEFAULT CURRENT_TIMESTAMP ON UPDATE CURRENT_TIMESTAMP,
  `ratings` int(20) DEFAULT NULL,
  PRIMARY KEY (`id`),
  KEY `studio_id` (`studio_id`),
  KEY `studio_id_2` (`studio_id`),
  KEY `user_id` (`user_id`),
  CONSTRAINT `studio_reviews_ibfk_1` FOREIGN KEY (`studio_id`) REFERENCES `users` (`id`) ON DELETE CASCADE ON UPDATE NO ACTION
) ENGINE=InnoDB AUTO_INCREMENT=43 DEFAULT CHARSET=latin1;

/*Data for the table `studio_reviews` */

insert  into `studio_reviews`(`id`,`studio_id`,`user_id`,`comments`,`date`,`ratings`) values (5,86,117,'very nice','2017-08-12 17:35:52',4),(6,86,117,'Great service','2017-08-12 17:35:58',1),(7,86,117,'very good','2017-08-02 12:02:15',1),(8,86,117,'very good','2017-08-02 12:02:12',2),(9,86,117,'very good','2017-08-02 12:12:52',3),(10,86,117,'very good','2017-08-02 12:13:01',1),(11,86,117,'very good','2017-08-02 11:59:26',4),(12,86,117,'very good','2017-08-02 12:02:09',2),(13,86,117,'very good','2017-08-02 12:02:21',4),(14,86,117,'very good','2017-08-02 12:12:59',1),(15,86,117,'very good','2017-08-02 12:08:35',1),(16,86,117,'very good','2017-08-02 12:08:53',1),(17,86,117,'very good','2017-08-02 12:09:45',1),(18,86,117,'very good','2017-08-02 12:10:12',1),(19,86,117,'very good','2017-08-02 12:12:18',1),(20,117,117,'very good','2017-08-23 16:53:57',1),(25,86,382,'But I must explain to you how all this mistaken idea of denouncing pleasure and praising pain was born and I will give you a complete account of the system, and expound the actual teachings of the great explorer of the truth, the master-builder of human happiness. No one rejects, dislikes, or avoids pleasure itself, because it is pleasure, but because those who do not know how to pursue pleasure rationally encounter consequences that are extremely painful. Nor again is there anyone who loves or pursues or desires to obtain pain of itself, because it is pain, but because occasionally circumstances occur in which toil and pain can procure him some great pleasure. To take a trivial example, which of us ever undertakes laborious physical exercise, except to obtain some advantage from it? But who has any right to find fault with a man who chooses to enjoy a pleasure that has no annoying consequences, or one who avoids a pain that produces no resultant pleasure?','2017-08-15 15:33:08',4),(26,86,0,'Nice','2017-08-16 14:57:18',4),(27,86,117,'very good','2017-08-23 15:31:06',1),(28,86,117,'very good','2017-08-23 17:13:45',1),(29,86,117,'very good','2017-08-23 17:36:14',1),(32,378,439,'Good','2017-08-23 18:22:08',3),(33,378,439,'Gfff','2017-08-23 18:22:47',3),(36,86,380,'Good','2017-08-24 11:31:18',3),(37,405,380,'very good','2017-08-24 11:54:32',1),(38,421,380,'Asdfasdf','2017-08-30 16:45:35',3),(39,86,117,'very good','2017-09-10 04:43:40',1),(40,575,382,'very nice studio','2017-09-14 14:14:22',5),(41,597,598,'Nice','2017-09-15 16:26:39',3),(42,510,572,'Hhh','2017-09-15 16:36:20',3);

/*Table structure for table `studio_services` */

DROP TABLE IF EXISTS `studio_services`;

CREATE TABLE `studio_services` (
  `id` int(11) NOT NULL AUTO_INCREMENT,
  `Studio_id` int(11) DEFAULT NULL,
  `Category_id` int(11) DEFAULT NULL,
  `service_time` varchar(100) DEFAULT NULL,
  `Service_charges` varchar(100) DEFAULT NULL,
  `SubCategory_id` int(11) DEFAULT NULL,
  `Date` timestamp NOT NULL DEFAULT CURRENT_TIMESTAMP ON UPDATE CURRENT_TIMESTAMP,
  `gender` varchar(100) DEFAULT NULL,
  `bodypart` varchar(100) DEFAULT NULL,
  `Description` varchar(200) DEFAULT NULL,
  `services_image` varchar(200) DEFAULT NULL,
  PRIMARY KEY (`id`),
  KEY `Studio_id` (`Studio_id`)
) ENGINE=InnoDB AUTO_INCREMENT=281 DEFAULT CHARSET=latin1;

/*Data for the table `studio_services` */

insert  into `studio_services`(`id`,`Studio_id`,`Category_id`,`service_time`,`Service_charges`,`SubCategory_id`,`Date`,`gender`,`bodypart`,`Description`,`services_image`) values (30,217,9,'3600000 ','100',1,'2017-09-07 15:42:39','male','hair','body message',NULL),(31,86,9,'15','99',5,'2017-09-07 15:42:39','male','foot','Massage involves working and acting on the body with pressure. Techniques are commonly applied using hands, fingers, elbows, knees, forearm, feet, or a device. The purpose of massage is generally prom',NULL),(32,86,10,'15','130',1,'2017-08-29 03:26:03','male','hair','Massage involves working and acting on the body with pressure. Techniques are commonly applied using hands, fingers, elbows, knees, forearm, feet, or a device. The purpose of massage is generally prom',NULL),(33,86,11,'15','52',4,'2017-08-29 03:26:16','male','hair','Massage involves working and acting on the body with pressure. Techniques are commonly applied using hands, fingers, elbows, knees, forearm, feet, or a device. The purpose of massage is generally prom',NULL),(34,86,12,'15','88',1,'2017-08-29 03:26:18','male','foot','Massage involves working and acting on the body with pressure. Techniques are commonly applied using hands, fingers, elbows, knees, forearm, feet, or a device. The purpose of massage is generally prom',NULL),(35,119,13,'900','147',1,'2017-08-29 03:26:20','Male',NULL,'Kgjgjhgjg',NULL),(36,119,14,'900','35',2,'2017-08-29 03:26:22','Female',NULL,'Kkhkhk',NULL),(37,119,9,'900','38',5,'2017-09-07 15:42:39','Male',NULL,'Asdfasdf',NULL),(38,120,9,'900','63',1,'2017-09-07 15:42:39','Male',NULL,'Kjhkj',NULL),(40,120,9,'720','131',2,'2017-09-08 12:07:41','Male',NULL,NULL,NULL),(41,120,9,'720','115',5,'2017-09-07 15:42:39','Female',NULL,'Mnbbmn',NULL),(42,134,9,'15','407',1,'2017-09-07 15:42:39','Male',NULL,NULL,NULL),(46,148,9,'14','27',1,'2017-09-07 15:42:39','Male',NULL,NULL,NULL),(47,203,9,'15','22',4,'2017-09-07 15:42:39','Male',NULL,NULL,NULL),(48,148,9,'15','76',5,'2017-09-07 15:42:39','Male',NULL,'Fvvj',NULL),(49,209,9,'3960','555',1,'2017-09-07 15:42:39','Female',NULL,NULL,NULL),(50,209,4,'120','25',2,'2017-09-07 17:52:25','Male',NULL,NULL,NULL),(51,214,4,'15','186',2,'2017-09-07 17:52:26','Male',NULL,'Asfasdf',NULL),(52,214,9,'60','270',5,'2017-09-07 15:42:39','Female',NULL,NULL,NULL),(53,217,9,'10','77',1,'2017-09-07 15:42:39','Male',NULL,'Asdfasf',NULL),(56,275,9,'10000','158',4,'2017-09-07 15:42:39','Kids',NULL,NULL,NULL),(57,275,9,'55000','221',1,'2017-09-07 15:42:39','Male',NULL,NULL,NULL),(58,275,9,'19000','94',1,'2017-09-07 15:42:39','Male',NULL,NULL,NULL),(59,275,9,'840000','137',1,'2017-09-07 15:42:39','Female',NULL,NULL,NULL),(60,133,4,'8000','202',2,'2017-09-07 17:52:29','Male',NULL,'Bbzzhzhhz',NULL),(61,133,4,'9360000','510',1,'2017-09-07 17:52:31','Female',NULL,'Vshshs',NULL),(62,133,4,'660000','73',2,'2017-09-07 17:52:32','Kids',NULL,'Gshshsh',NULL),(63,133,9,'4500000','155',4,'2017-09-07 15:42:39','Female',NULL,'Vvvv',NULL),(64,133,9,'4500000','109',1,'2017-09-07 15:42:39','Female',NULL,NULL,NULL),(65,133,9,'18000000','86',1,'2017-09-07 15:42:39','Female',NULL,'GVb',NULL),(66,133,9,'3600000','15',2,'2017-09-07 15:42:39','Male',NULL,'This is demo',NULL),(114,352,9,'323','3',2,'2017-09-07 15:42:39','Male',NULL,'223sdfas',NULL),(118,364,9,'55','295',2,'2017-09-07 15:42:39','Male',NULL,'mh',NULL),(119,368,9,'600000','73',2,'2017-09-07 15:42:39','Female',NULL,NULL,NULL),(120,368,9,'1320000','57',2,'2017-09-07 15:42:39','Female',NULL,NULL,NULL),(123,364,9,'654','44',2,'2017-09-07 15:42:39','Male',NULL,'ehdhdh',NULL),(125,364,9,'28','378',5,'2017-09-08 12:07:15','Male',NULL,'vgggty',NULL),(126,133,9,'1500000','135',1,'2017-09-07 15:42:39','Male',NULL,NULL,NULL),(127,378,10,'600000','46',6,'2017-09-07 15:43:10','Female',NULL,NULL,NULL),(129,378,9,'36000000','582',2,'2017-09-07 15:42:39','Male',NULL,'Hhhh',NULL),(141,375,9,'8','51',5,'2017-09-08 12:05:29','Female',NULL,'rtgs dfgdfs',NULL),(142,375,10,'111','82',7,'2017-09-07 15:43:10','Female',NULL,'zcvcv',NULL),(143,407,9,'3600000','50',1,'2017-09-07 15:42:39','Male',NULL,'We set your hairs in a perfect styling way to make you feel smart and attractive.',NULL),(144,407,10,'3600000','40',6,'2017-09-07 15:43:10','Male',NULL,'Pedicure for male to make your feet and hands clean.',NULL),(145,407,9,'3600000','161',5,'2017-09-08 12:06:50','Male',NULL,'Chdh',NULL),(146,411,9,'18000000','55',5,'2017-09-08 12:06:54','Male',NULL,'Will do',NULL),(147,415,9,'1380000','125',2,'2017-09-07 15:42:39','Male',NULL,'Asdfasd fa asfas df as df',NULL),(148,413,10,'3','50',7,'2017-09-07 15:43:10','Female',NULL,'Best services in town',NULL),(149,414,9,'4','30',5,'2017-09-08 12:07:10','Male',NULL,'sdfhgsjd gfksadg fasdf',NULL),(159,405,9,'342','3',2,'2017-09-07 15:42:39','Male',NULL,'asdfad',NULL),(161,405,9,'66','33',2,'2017-09-07 15:42:39','Male',NULL,'asdfasdf',NULL),(162,405,9,'66','33',2,'2017-09-07 15:42:39','Male',NULL,'asdfasdf',NULL),(163,405,9,'66','33',2,'2017-09-07 15:42:39','Male',NULL,'asdfasdf',NULL),(164,405,9,'5','45',2,'2017-09-07 15:42:39','Male',NULL,'xcvxzv',NULL),(165,405,9,'5','45',2,'2017-09-07 15:42:39','Male',NULL,'xcvxzv',NULL),(166,405,9,'5','45',2,'2017-09-07 15:42:39','Male',NULL,'xcvxzv',NULL),(167,405,9,'5','45',2,'2017-09-07 15:42:39','Male',NULL,'xcvxzv',NULL),(168,425,9,'1200000','25',6,'2017-09-07 15:42:39','Female',NULL,'Fjfkf',NULL),(183,438,9,'322','408',41,'2017-09-07 15:42:39','Male',NULL,'asdfasdfa',NULL),(184,438,9,'322','408',84,'2017-09-07 15:42:39','Male',NULL,'asdfasdfa',NULL),(185,438,9,'322','408',34,'2017-09-08 12:07:25','Male',NULL,'asdfasdfa',NULL),(188,448,9,'225','357',27,'2017-09-07 15:42:39','Male',NULL,'this is descr',NULL),(189,448,9,'225','357',1,'2017-09-07 15:42:39','Male',NULL,'this is descr',NULL),(190,448,9,'225','357',18,'2017-09-07 15:42:39','Male',NULL,'this is descr',NULL),(191,405,9,'600000','103',2,'2017-09-07 15:42:39','Male',NULL,NULL,NULL),(192,405,9,'600000','103',2,'2017-09-07 15:42:39','Male',NULL,NULL,NULL),(193,405,4,'15','100',26,'2017-09-07 17:52:48','male',NULL,'asdfasdf as fasf asdf',NULL),(194,405,4,'15','100',26,'2017-09-07 17:52:41','male',NULL,'asdfasdf as fasf asdf',NULL),(195,405,4,'15','100',26,'2017-09-07 17:52:42','male',NULL,'asdfasdf as fasf asdf',NULL),(196,405,4,'15','100',26,'2017-09-07 17:52:43','male',NULL,'asdfasdf as fasf asdf',NULL),(197,405,4,'15','100',26,'2017-09-07 17:52:44','male',NULL,'asdfasdf as fasf asdf',NULL),(198,405,9,'15','100',26,'2017-09-07 15:42:39','male',NULL,'asdfasdf as fasf asdf',NULL),(199,405,9,'15','100',26,'2017-09-07 15:42:39','male',NULL,'asdfasdf as fasf asdf',NULL),(200,405,9,'15','100',26,'2017-09-07 15:42:39','male',NULL,'asdfasdf as fasf asdf',NULL),(201,405,9,'15','100',26,'2017-09-07 15:42:39','male',NULL,'asdfasdf as fasf asdf',NULL),(202,405,9,'15','100',26,'2017-09-07 15:42:39','male',NULL,'asdfasdf as fasf asdf',NULL),(203,405,9,'15','100',26,'2017-09-07 15:42:39','male',NULL,'asdfasdf as fasf asdf',NULL),(204,405,9,'15','100',26,'2017-09-07 15:42:39','male',NULL,'asdfasdf as fasf asdf',NULL),(205,405,9,'15','100',26,'2017-09-07 15:42:39','male',NULL,'asdfasdf as fasf asdf',NULL),(206,405,9,'600000','71',28,'2017-09-07 15:42:39','Male',NULL,NULL,NULL),(208,471,9,'2400000','90',30,'2017-09-07 15:42:39','Male',NULL,'The best hair style',NULL),(209,471,9,'7200000','120',30,'2017-09-07 15:42:39','Female',NULL,'The best',NULL),(210,471,10,'1800000','10',32,'2017-08-30 17:17:05','Female',NULL,'Nail art',NULL),(211,421,11,'36000000','191',23,'2017-08-31 15:49:14','Male',NULL,'Ghejsh',NULL),(212,491,9,'558','411',26,'2017-09-07 15:42:39','Female',NULL,'znzhzhssnjs',NULL),(214,415,9,'600000','147',27,'2017-09-07 15:42:39','Male',NULL,NULL,NULL),(215,405,10,'1500000','25',37,'2017-09-05 13:33:09','Female',NULL,'View Colors and so on',NULL),(216,405,9,'15','100',26,'2017-09-07 15:42:39','male',NULL,'asdfasdf as fasf asdf','public/assets/uploads/service-img/s2.jpg'),(217,405,9,'15','100',26,'2017-09-07 15:42:39','male',NULL,'asdfasdf as fasf asdf','public/assets/uploads/service-img/s2.jpg'),(218,405,9,'15','100',26,'2017-09-07 15:42:39','male',NULL,'asdfasdf as fasf asdf','public/assets/uploads/service-img/s2.jpg'),(219,405,9,'15','100',26,'2017-09-07 15:42:39','male',NULL,'asdfasdf as fasf asdf','public/assets/uploads/service-img/s2.jpg'),(220,405,9,'15','100',26,'2017-09-07 15:42:39','male',NULL,'asdfasdf as fasf asdf','public/assets/uploads/coverimages/2017/09/studioapp_up_1504696777.png'),(221,405,9,'15','100',26,'2017-09-07 15:42:39','male',NULL,'asdfasdf as fasf asdf','public/assets/uploads/service-img/s2.jpg'),(222,405,9,'15','100',26,'2017-09-07 15:42:39','male',NULL,'asdfasdf as fasf asdf','public/assets/uploads/coverimages/2017/09/studioapp_up_1504696788.png'),(223,405,9,'15','100',26,'2017-09-07 15:42:39','male',NULL,'asdfasdf as fasf asdf','public/assets/uploads/service-img/s2.jpg'),(224,405,9,'15','100',26,'2017-09-07 15:42:39','male',NULL,'asdfasdf as fasf asdf','public/assets/uploads/service-img/s2.jpg'),(225,415,9,'3600000','5.8',2,'2017-09-07 15:42:39','Male',NULL,'Ttttttttt dd fg sdf g sdf g dd gf','public/assets/uploads/coverimages/2017/09/studioapp_up_1504699183.png'),(226,415,9,'3600000','1.5',28,'2017-09-07 15:42:39','Male',NULL,'Kjhkjh kjh kj hkj hkj hkj hk hkj hkj hkj hkj','public/assets/uploads/coverimages/2017/09/studioapp_up_1504771070.png'),(227,415,9,'2700000','58.5',27,'2017-09-07 15:42:39','Female',NULL,'Lorem ipsum dolor sit er elit lamet, consectetaur cillium adipisicing pecu, sed do eiusmod tempor incididunt ut labore et dolore magna aliqua. Ut enim ad minim veniam, quis nostrud exercitation ullamc','public/assets/uploads/service-img/s2.jpg'),(228,415,11,'2100000','25',41,'2017-09-07 13:16:56','Female',NULL,'Buxfb j','public/assets/uploads/service-img/s3.jpg'),(229,415,11,'7200000','3.6',7,'2017-09-07 15:07:38','Male',NULL,'Lorem ipsum dolor sit er elit lamet, consectetaur cillium adipisicing pecu, sed do eiusmod tempor incididunt ut labore et dolore magna aliqua. Ut enim ad minim veniam, quis nostrud exercitation ullamc','public/assets/uploads/service-img/s3.jpg'),(230,502,11,'2','453',23,'2017-09-08 11:58:42','Female',NULL,'this is deal','public/assets/uploads/service-img/s3.jpg'),(232,502,11,'2','652',23,'2017-09-08 11:58:57','Female',NULL,'this is deal 2','public/assets/uploads/service-img/s3.jpg'),(233,502,13,'25','25',64,'2017-09-08 12:14:17','Kids',NULL,'rfg Hf','public/assets/uploads/service-img/s2.jpg'),(234,506,11,'55','494',6,'2017-09-08 12:25:37','Kids',NULL,'vg','public/assets/uploads/service-img/s3.jpg'),(235,405,9,'15','100',26,'2017-09-10 03:22:50','male',NULL,'asdfasdf as fasf asdf','public/assets/uploads/service-img/s2.jpg'),(240,510,9,'3600000','1.2',27,'2017-09-12 11:03:39','Male',NULL,'Lorem ipsum dolor sit er elit lamet, consectetaur cillium adipisicing pecu, sed do eiusmod tempor incididunt ut labore et dolore magna aliqua. Ut enim ad minim veniam, quis nostrud exercitation ullamc','public/assets/uploads/service-img/s2.jpg'),(241,538,9,'30','30',27,'2017-09-14 12:14:41','Male',NULL,'hair treatment services','public/assets/uploads/service-img/s2.jpg'),(242,573,12,'225','52',9,'2017-09-14 13:12:42','Kids',NULL,'this is descripyion','public/assets/uploads/coverimages/2017/09/studioapp_up_1505376762.png'),(243,573,14,'225','52',83,'2017-09-14 13:13:36','Kids',NULL,'this is descripyion','public/assets/uploads/coverimages/2017/09/studioapp_up_1505376816.png'),(244,573,11,'52','3',23,'2017-09-14 13:14:55','Kids',NULL,'rehdhdhs','public/assets/uploads/coverimages/2017/09/studioapp_up_1505376895.png'),(245,575,13,'23','200',58,'2017-09-14 14:02:43','Male',NULL,'this is a good service','public/assets/uploads/service-img/s2.jpg'),(246,575,13,'50','250',66,'2017-09-14 14:04:52','Female',NULL,'hair restoration services','public/assets/uploads/coverimages/2017/09/studioapp_up_1505379892.png'),(247,575,12,'600000','150',42,'2017-09-14 14:12:03','Male',NULL,'Hi it looks great','public/assets/uploads/service-img/s2.jpg'),(248,575,14,'1800000','015',82,'2017-09-14 14:14:33','Male',NULL,'Great','public/assets/uploads/coverimages/2017/09/studioapp_up_1505380473.png'),(249,581,11,'225','22',41,'2017-09-14 17:24:00','Male',NULL,'adil','public/assets/uploads/coverimages/2017/09/studioapp_up_1505391840.png'),(250,595,10,'552','555',32,'2017-09-15 10:49:10','Female',NULL,'gxhx','public/assets/uploads/service-img/s3.jpg'),(251,595,10,'222','222',34,'2017-09-15 10:53:58','Female',NULL,'ttg','public/assets/uploads/service-img/s3.jpg'),(263,597,9,'3600000','33.3',30,'2017-09-15 13:06:33','Kids',NULL,'Lorem ipsum dolor sit er elit lamet, consectetaur cillium adipisicing pecu, sed do eiusmod tempor incididunt ut labore et dolore magna aliqua. Ut enim ad minim veniam, quis nostrud exercitation ullamc','public/assets/uploads/service-img/s2.jpg'),(264,597,10,'1020000','9.5',40,'2017-09-15 13:07:09','Female',NULL,'Lorem ipsum dolor sit er elit lamet, consectetaur cillium adipisicing pecu, sed do eiusmod tempor incididunt ut labore et dolore magna aliqua. Ut enim ad minim veniam, quis nostrud exercitation ullamc','public/assets/uploads/service-img/s3.jpg'),(267,381,9,'1500000','55',30,'2017-09-15 13:12:13','Male',NULL,'yyy','public/assets/uploads/service-img/s2.jpg'),(268,381,9,'18000000','55',30,'2017-09-15 13:12:24','Male',NULL,'yyy','public/assets/uploads/service-img/s2.jpg'),(269,603,12,'15000000','500',43,'2017-09-18 11:25:42','Kids',NULL,'this is test deacriptio','public/assets/uploads/coverimages/2017/09/studioapp_up_1505715942.png'),(270,609,13,'3000000','500',75,'2017-09-20 00:08:44','Female',NULL,'testing','public/assets/uploads/serviceimg/2017/09/studioapp_up_1505848124.png'),(271,607,13,'3000000','100',77,'2017-09-20 04:21:05','Female',NULL,'testing','public/assets/uploads/serviceimg/2017/09/studioapp_up_1505863250.png'),(272,603,13,'18000000','255',56,'2017-09-21 13:33:23','Female',NULL,'xvzhxhf','public/assets/uploads/serviceimg/2017/09/studioapp_up_1505982802.png'),(273,603,9,'3000000','100',26,'2017-09-21 13:41:25','Male',NULL,'hshhdhd','public/assets/uploads/serviceimg/2017/09/studioapp_up_1505983285.png'),(274,607,13,'442800000','1000',76,'2017-09-21 16:41:38','Female',NULL,'testings','public/assets/uploads/serviceimg/2017/09/studioapp_up_1505994098.png'),(275,603,10,'18000000','265',35,'2017-09-21 18:04:54','Female',NULL,'gghg','public/assets/uploads/service-img/s3.jpg'),(276,603,10,'18000000','265',35,'2017-09-21 18:05:21','Female',NULL,'gghg','public/assets/uploads/serviceimg/2017/09/studioapp_up_1505999121.png'),(277,614,9,'3000000','50',29,'2017-09-21 18:28:49','Male',NULL,'gshhsbsb','public/assets/uploads/service-img/s2.jpg'),(278,614,13,'36000000','100',78,'2017-09-21 19:03:40','Female',NULL,'testing','public/assets/uploads/serviceimg/2017/09/studioapp_up_1506002609.png'),(279,86,9,'360000000','1500',27,'2017-09-21 19:06:53','Female',NULL,'testing','public/assets/uploads/serviceimg/2017/09/studioapp_up_1506002813.png'),(280,514,12,'600000','200',49,'2017-09-21 19:20:53','Female',NULL,'testings','public/assets/uploads/serviceimg/2017/09/studioapp_up_1506003653.png');

/*Table structure for table `studio_subscribers` */

DROP TABLE IF EXISTS `studio_subscribers`;

CREATE TABLE `studio_subscribers` (
  `id` int(11) NOT NULL AUTO_INCREMENT,
  `studio_id` int(11) DEFAULT NULL,
  `subscribers_id` int(20) DEFAULT NULL,
  `date` timestamp NOT NULL DEFAULT CURRENT_TIMESTAMP ON UPDATE CURRENT_TIMESTAMP,
  PRIMARY KEY (`id`)
) ENGINE=InnoDB AUTO_INCREMENT=155 DEFAULT CHARSET=latin1;

/*Data for the table `studio_subscribers` */

insert  into `studio_subscribers`(`id`,`studio_id`,`subscribers_id`,`date`) values (1,86,107,'2017-08-02 18:01:29'),(2,86,121,'2017-07-19 19:13:36'),(26,86,396,'2017-08-15 15:51:08'),(27,380,396,'2017-08-15 15:51:40'),(28,380,378,'2017-08-15 16:09:58'),(29,378,378,'2017-08-15 16:12:58'),(30,380,378,'2017-08-15 16:13:11'),(35,415,415,'2017-08-18 19:39:16'),(36,378,415,'2017-08-18 19:40:08'),(40,415,378,'2017-08-18 19:55:03'),(42,382,378,'2017-08-18 19:59:12'),(43,86,378,'2017-08-18 19:59:25'),(48,422,422,'2017-08-21 14:13:11'),(49,458,450,'2017-08-28 11:19:53'),(50,382,450,'2017-08-28 11:22:19'),(53,378,380,'2017-08-28 12:43:57'),(54,86,380,'2017-08-28 12:58:31'),(57,450,439,'2017-08-28 15:32:07'),(58,439,475,'2017-08-31 14:44:25'),(59,378,475,'2017-08-31 14:44:50'),(61,381,421,'2017-09-06 19:19:24'),(76,415,381,'2017-09-08 10:14:22'),(81,381,506,'2017-09-08 14:37:34'),(82,375,506,'2017-09-08 18:02:48'),(86,415,573,'2017-09-14 13:35:37'),(88,382,575,'2017-09-14 14:36:21'),(97,575,597,'2017-09-18 17:07:38'),(140,603,597,'2017-09-19 17:51:44'),(143,381,597,'2017-09-19 19:27:07'),(144,382,597,'2017-09-19 19:50:03'),(146,415,597,'2017-09-19 19:52:16'),(149,415,550,'2017-09-20 12:28:19'),(151,597,382,'2017-09-20 15:15:21'),(154,439,382,'2017-09-20 17:13:56');

/*Table structure for table `sub_category` */

DROP TABLE IF EXISTS `sub_category`;

CREATE TABLE `sub_category` (
  `id` int(11) NOT NULL AUTO_INCREMENT,
  `parent_id` int(11) NOT NULL,
  `category_name` varchar(200) DEFAULT NULL,
  PRIMARY KEY (`id`)
) ENGINE=InnoDB AUTO_INCREMENT=87 DEFAULT CHARSET=latin1;

/*Data for the table `sub_category` */

insert  into `sub_category`(`id`,`parent_id`,`category_name`) values (1,9,'Style Set'),(2,9,'Color Services'),(4,10,'Manicure Set'),(5,10,'Acrylic Set Refill'),(6,11,'Pedicure Set'),(7,11,'Pedicure Set Premium'),(8,12,'Waxing Set'),(9,12,'Waxing Set Premium'),(16,13,'Botox Set'),(17,13,'Botox Set Premium'),(18,14,'Pregnancy Massage'),(19,14,'Hot Stone Therapy'),(20,10,'nail cut'),(21,9,'Color Services and Includes Haircut'),(22,10,'Gel Set Refill'),(23,11,'Pedicure Treatment'),(24,12,'Waxing Treatment'),(25,13,'Botox Treatment'),(26,9,'Hair Extensions'),(27,9,'TREATMENT'),(28,9,'Perm'),(29,9,'Ethnic Hair'),(30,9,'Ethnic Hair Set'),(31,9,'Haircut Set Premium'),(32,10,'Acrylic New Full Set'),(33,10,'Gel New Full Set'),(34,10,'Gel Set'),(35,10,'Acrylic Set'),(36,10,'Manicure Style Set'),(37,10,'Nails Treatment'),(38,10,'Single Nail repair'),(39,10,'Single Nail repair Set'),(40,10,'Manicure Set Premium'),(41,11,'TREATMENT'),(42,12,'TREATMENT'),(43,12,'Laser Set'),(44,12,'Laser Set Premium'),(45,12,'Laser Treatment'),(46,12,'Sugaring Set'),(47,12,'Sugaring Treatment'),(48,12,'Sugaring Set Premium'),(49,12,'Eyebrow Threading'),(50,12,'Eyebrow Threading Set'),(51,13,'Eyelash Extansions'),(52,13,'Eyelash Extansions Set'),(53,13,'Full Treatment'),(54,13,'Permanent Makeup'),(55,13,'Permanent Makeup Set'),(56,13,'Permanent Makeup Set Premiun'),(57,13,'Skin Tightening Set'),(58,13,'Skin Tightening Set Premium'),(59,13,'Spider Vein Treatment'),(60,10,'Nails take off'),(61,10,'TREATMENT'),(62,12,'Eyebrow Threading Set Premium'),(63,12,'Eyebrow Threading Treatment'),(64,13,'Spider Vein Treatment Set'),(65,13,'Spider Vein Treatment Set Premium'),(66,13,'Hair Restoration'),(67,13,'Hair Restoration Set'),(68,13,'Hair Restoration Set Premium'),(69,13,'Liposuction Set'),(70,13,'Liposuction Set Premium'),(71,13,'Non  Surgical Face lift Set'),(72,13,'Non Surgical Face lift Set Premium'),(73,13,'Laser Weight Treatment'),(74,13,'Laser Weight Treatment Premium'),(75,13,'Laser Treatment'),(76,13,'Peel Treatment'),(77,13,'Plumbing Lip Treatment'),(78,13,'Infusion Treatment'),(79,14,'Sports Massage'),(80,14,'Pregnancy Massage'),(81,14,'Hot Stone Therapy'),(82,14,'Thai Massage'),(83,14,'Therapy'),(84,14,'Neuro muscular Therapy'),(85,14,'Aromatherapy Massage'),(86,14,'Couples Massage');

/*Table structure for table `subscription` */

DROP TABLE IF EXISTS `subscription`;

CREATE TABLE `subscription` (
  `id` int(11) NOT NULL AUTO_INCREMENT,
  `user_id` int(11) DEFAULT NULL,
  `package_id` int(11) DEFAULT NULL,
  `start_time` timestamp NOT NULL DEFAULT CURRENT_TIMESTAMP ON UPDATE CURRENT_TIMESTAMP,
  `end_time` timestamp NOT NULL DEFAULT '0000-00-00 00:00:00',
  `credit_card_last` varchar(200) DEFAULT NULL,
  PRIMARY KEY (`id`)
) ENGINE=InnoDB AUTO_INCREMENT=584 DEFAULT CHARSET=latin1;

/*Data for the table `subscription` */

insert  into `subscription`(`id`,`user_id`,`package_id`,`start_time`,`end_time`,`credit_card_last`) values (1,86,3,'2017-09-19 15:00:17','2017-10-19 15:00:17','2836'),(2,141,1,'2017-08-01 13:36:00','0000-00-00 00:00:00',NULL),(3,107,2,'2017-08-01 19:39:52','0000-00-00 00:00:00',NULL),(4,143,1,'2017-08-01 16:34:28','0000-00-00 00:00:00',NULL),(5,144,1,'2017-08-01 16:38:26','0000-00-00 00:00:00',NULL),(6,145,1,'2017-08-01 16:40:27','0000-00-00 00:00:00',NULL),(7,146,1,'2017-08-01 17:13:40','0000-00-00 00:00:00',NULL),(8,147,1,'2017-08-02 11:16:04','0000-00-00 00:00:00',NULL),(9,148,3,'2017-08-07 15:46:04','2017-09-06 10:46:29',NULL),(10,149,1,'2017-08-02 11:46:03','0000-00-00 00:00:00',NULL),(11,150,1,'2017-08-02 11:54:41','0000-00-00 00:00:00',NULL),(12,151,1,'2017-08-02 12:10:30','0000-00-00 00:00:00',NULL),(13,152,1,'2017-08-02 12:10:58','0000-00-00 00:00:00',NULL),(14,154,1,'2017-08-02 12:45:40','0000-00-00 00:00:00',NULL),(15,155,1,'2017-08-02 12:47:59','0000-00-00 00:00:00',NULL),(16,156,1,'2017-08-02 12:51:08','0000-00-00 00:00:00',NULL),(17,157,1,'2017-08-02 12:53:36','0000-00-00 00:00:00',NULL),(18,158,1,'2017-08-02 12:55:32','0000-00-00 00:00:00',NULL),(19,159,1,'2017-08-02 12:56:40','0000-00-00 00:00:00',NULL),(20,160,1,'2017-08-02 13:10:46','0000-00-00 00:00:00',NULL),(21,161,1,'2017-08-02 13:12:54','0000-00-00 00:00:00',NULL),(22,162,1,'2017-08-02 13:23:52','0000-00-00 00:00:00',NULL),(23,163,1,'2017-08-02 13:45:57','0000-00-00 00:00:00',NULL),(24,165,1,'2017-08-02 15:29:37','0000-00-00 00:00:00',NULL),(25,169,1,'2017-08-02 15:50:01','0000-00-00 00:00:00',NULL),(26,170,1,'2017-08-02 15:52:44','0000-00-00 00:00:00',NULL),(27,171,1,'2017-08-02 15:59:09','0000-00-00 00:00:00',NULL),(28,177,1,'2017-08-02 17:03:39','0000-00-00 00:00:00',NULL),(29,179,1,'2017-08-02 17:04:17','0000-00-00 00:00:00',NULL),(30,183,1,'2017-08-02 17:13:05','0000-00-00 00:00:00',NULL),(31,184,1,'2017-08-02 17:14:32','0000-00-00 00:00:00',NULL),(32,186,1,'2017-08-02 17:16:48','0000-00-00 00:00:00',NULL),(33,188,1,'2017-08-02 17:18:16','0000-00-00 00:00:00',NULL),(34,192,1,'2017-08-02 17:31:14','0000-00-00 00:00:00',NULL),(35,194,1,'2017-08-02 17:32:04','0000-00-00 00:00:00',NULL),(36,199,1,'2017-08-02 18:00:45','0000-00-00 00:00:00',NULL),(37,201,1,'2017-08-03 17:19:30','0000-00-00 00:00:00',NULL),(38,202,1,'2017-08-04 12:14:04','0000-00-00 00:00:00',NULL),(39,204,1,'2017-08-04 12:21:41','0000-00-00 00:00:00',NULL),(40,205,1,'2017-08-04 12:22:33','0000-00-00 00:00:00',NULL),(41,206,1,'2017-08-04 12:34:34','0000-00-00 00:00:00',NULL),(42,203,1,'2017-08-04 12:34:51','0000-00-00 00:00:00',NULL),(43,207,1,'2017-08-04 18:35:41','0000-00-00 00:00:00',NULL),(44,207,1,'2017-08-04 18:41:19','0000-00-00 00:00:00',NULL),(45,148,3,'2017-08-07 15:46:04','2017-09-06 10:46:29',NULL),(46,203,1,'2017-08-04 18:54:03','0000-00-00 00:00:00',NULL),(47,133,3,'2017-08-12 16:47:33','2017-09-11 11:48:30',NULL),(48,133,3,'2017-08-12 16:47:33','2017-09-11 11:48:30',NULL),(49,207,1,'2017-08-07 10:33:08','0000-00-00 00:00:00',NULL),(50,133,3,'2017-08-12 16:47:33','2017-09-11 11:48:30',NULL),(51,133,3,'2017-08-12 16:47:33','2017-09-11 11:48:30',NULL),(52,133,3,'2017-08-12 16:47:33','2017-09-11 11:48:30',NULL),(53,133,3,'2017-08-12 16:47:33','2017-09-11 11:48:30',NULL),(54,133,3,'2017-08-12 16:47:33','2017-09-11 11:48:30',NULL),(55,133,3,'2017-08-12 16:47:33','2017-09-11 11:48:30',NULL),(56,207,1,'2017-08-07 11:19:00','0000-00-00 00:00:00',NULL),(57,207,1,'2017-08-07 11:19:54','0000-00-00 00:00:00',NULL),(58,133,3,'2017-08-12 16:47:33','2017-09-11 11:48:30',NULL),(59,209,1,'2017-08-07 11:30:11','0000-00-00 00:00:00',NULL),(60,211,1,'2017-08-07 12:34:25','0000-00-00 00:00:00',NULL),(61,148,3,'2017-08-07 15:46:04','2017-09-06 10:46:29',NULL),(62,133,3,'2017-08-12 16:47:33','2017-09-11 11:48:30',NULL),(63,148,1,'2017-08-07 14:00:34','0000-00-00 00:00:00',NULL),(64,214,1,'2017-08-07 14:01:25','0000-00-00 00:00:00',NULL),(65,217,1,'2017-08-07 14:21:04','0000-00-00 00:00:00',NULL),(66,133,3,'2017-08-12 16:47:33','2017-09-11 11:48:30',NULL),(67,133,3,'2017-08-12 16:47:33','2017-09-11 11:48:30',NULL),(68,218,1,'2017-08-07 17:21:03','0000-00-00 00:00:00',NULL),(69,218,1,'2017-08-07 17:21:32','0000-00-00 00:00:00',NULL),(70,218,1,'2017-08-07 17:21:46','0000-00-00 00:00:00',NULL),(71,218,1,'2017-08-07 17:23:18','0000-00-00 00:00:00',NULL),(72,218,1,'2017-08-07 17:25:11','0000-00-00 00:00:00',NULL),(73,218,1,'2017-08-07 17:26:30','0000-00-00 00:00:00',NULL),(74,218,1,'2017-08-07 17:27:26','0000-00-00 00:00:00',NULL),(75,218,1,'2017-08-07 17:27:45','0000-00-00 00:00:00',NULL),(76,218,1,'2017-08-07 17:34:15','0000-00-00 00:00:00',NULL),(77,133,3,'2017-08-12 16:47:33','2017-09-11 11:48:30',NULL),(78,207,1,'2017-08-08 12:25:01','0000-00-00 00:00:00',NULL),(79,187,1,'2017-08-08 12:42:43','0000-00-00 00:00:00',NULL),(80,207,1,'2017-08-08 12:52:03','0000-00-00 00:00:00',NULL),(81,232,1,'2017-08-08 13:19:18','0000-00-00 00:00:00',NULL),(82,207,1,'2017-08-08 13:29:58','0000-00-00 00:00:00',NULL),(83,133,3,'2017-08-12 16:47:33','2017-09-11 11:48:30',NULL),(84,133,3,'2017-08-12 16:47:33','2017-09-11 11:48:30',NULL),(85,207,1,'2017-08-08 14:51:44','0000-00-00 00:00:00',NULL),(86,187,1,'2017-08-08 16:35:20','0000-00-00 00:00:00',NULL),(87,187,1,'2017-08-08 16:42:18','0000-00-00 00:00:00',NULL),(88,211,1,'2017-08-08 17:13:38','0000-00-00 00:00:00',NULL),(89,211,1,'2017-08-09 10:23:17','0000-00-00 00:00:00',NULL),(90,207,1,'2017-08-09 10:30:49','0000-00-00 00:00:00',NULL),(91,207,1,'2017-08-09 12:37:31','0000-00-00 00:00:00',NULL),(92,211,1,'2017-08-09 12:46:56','0000-00-00 00:00:00',NULL),(93,207,1,'2017-08-09 14:10:47','0000-00-00 00:00:00',NULL),(94,232,1,'2017-08-09 14:11:38','0000-00-00 00:00:00',NULL),(95,133,3,'2017-08-12 16:47:33','2017-09-11 11:48:30',NULL),(96,133,3,'2017-08-12 16:47:33','2017-09-11 11:48:30',NULL),(97,133,3,'2017-08-12 16:47:33','2017-09-11 11:48:30',NULL),(98,148,1,'2017-08-09 15:22:03','0000-00-00 00:00:00',NULL),(99,207,1,'2017-08-09 15:30:19','0000-00-00 00:00:00',NULL),(100,207,1,'2017-08-09 15:32:38','0000-00-00 00:00:00',NULL),(101,187,1,'2017-08-09 15:33:49','0000-00-00 00:00:00',NULL),(102,187,1,'2017-08-09 15:34:03','0000-00-00 00:00:00',NULL),(103,207,1,'2017-08-09 15:34:07','0000-00-00 00:00:00',NULL),(104,232,1,'2017-08-09 15:37:27','0000-00-00 00:00:00',NULL),(105,207,1,'2017-08-09 15:41:54','0000-00-00 00:00:00',NULL),(106,133,3,'2017-08-12 16:47:33','2017-09-11 11:48:30',NULL),(107,148,1,'2017-08-09 15:55:47','0000-00-00 00:00:00',NULL),(108,275,1,'2017-08-09 15:59:24','0000-00-00 00:00:00',NULL),(109,275,1,'2017-08-09 16:02:05','0000-00-00 00:00:00',NULL),(110,133,3,'2017-08-12 16:47:33','2017-09-11 11:48:30',NULL),(111,232,1,'2017-08-09 16:38:47','0000-00-00 00:00:00',NULL),(112,275,1,'2017-08-09 17:30:22','0000-00-00 00:00:00',NULL),(113,275,1,'2017-08-09 17:51:40','0000-00-00 00:00:00',NULL),(114,133,3,'2017-08-12 16:47:33','2017-09-11 11:48:30',NULL),(115,133,3,'2017-08-12 16:47:33','2017-09-11 11:48:30',NULL),(116,207,1,'2017-08-09 18:44:15','0000-00-00 00:00:00',NULL),(117,207,1,'2017-08-10 10:25:27','0000-00-00 00:00:00',NULL),(118,207,1,'2017-08-10 13:29:45','0000-00-00 00:00:00',NULL),(119,211,1,'2017-08-10 13:54:15','0000-00-00 00:00:00',NULL),(120,207,1,'2017-08-10 15:16:25','0000-00-00 00:00:00',NULL),(121,187,1,'2017-08-10 15:16:50','0000-00-00 00:00:00',NULL),(122,187,1,'2017-08-10 15:34:59','0000-00-00 00:00:00',NULL),(123,232,1,'2017-08-10 15:40:58','0000-00-00 00:00:00',NULL),(124,346,1,'2017-08-10 15:58:48','0000-00-00 00:00:00',NULL),(125,346,1,'2017-08-10 15:58:49','0000-00-00 00:00:00',NULL),(126,346,1,'2017-08-10 15:59:17','0000-00-00 00:00:00',NULL),(127,346,1,'2017-08-10 15:59:18','0000-00-00 00:00:00',NULL),(128,133,3,'2017-08-12 16:47:33','2017-09-11 11:48:30',NULL),(129,346,1,'2017-08-10 16:18:07','0000-00-00 00:00:00',NULL),(130,346,1,'2017-08-10 16:18:08','0000-00-00 00:00:00',NULL),(131,346,1,'2017-08-10 16:23:35','0000-00-00 00:00:00',NULL),(132,346,1,'2017-08-10 16:23:36','0000-00-00 00:00:00',NULL),(133,133,3,'2017-08-12 16:47:33','2017-09-11 11:48:30',NULL),(134,211,1,'2017-08-10 17:17:55','0000-00-00 00:00:00',NULL),(135,207,1,'2017-08-10 17:28:11','0000-00-00 00:00:00',NULL),(136,309,1,'2017-08-10 17:28:19','0000-00-00 00:00:00',NULL),(137,309,1,'2017-08-10 17:28:43','0000-00-00 00:00:00',NULL),(138,133,3,'2017-08-12 16:47:33','2017-09-11 11:48:30',NULL),(139,133,3,'2017-08-12 16:47:33','2017-09-11 11:48:30',NULL),(140,187,1,'2017-08-10 19:40:30','0000-00-00 00:00:00',NULL),(141,187,1,'2017-08-10 19:40:34','0000-00-00 00:00:00',NULL),(142,187,1,'2017-08-10 19:40:40','0000-00-00 00:00:00',NULL),(143,207,1,'2017-08-10 19:40:58','0000-00-00 00:00:00',NULL),(144,187,1,'2017-08-10 19:41:18','0000-00-00 00:00:00',NULL),(145,187,1,'2017-08-10 19:41:33','0000-00-00 00:00:00',NULL),(146,187,1,'2017-08-10 19:46:36','0000-00-00 00:00:00',NULL),(147,187,1,'2017-08-10 19:48:10','0000-00-00 00:00:00',NULL),(148,187,1,'2017-08-10 20:07:01','0000-00-00 00:00:00',NULL),(149,346,1,'2017-08-11 09:29:21','0000-00-00 00:00:00',NULL),(150,346,1,'2017-08-11 09:29:21','0000-00-00 00:00:00',NULL),(151,133,3,'2017-08-12 16:47:33','2017-09-11 11:48:30',NULL),(152,309,1,'2017-08-11 09:46:53','0000-00-00 00:00:00',NULL),(153,309,1,'2017-08-11 10:10:21','0000-00-00 00:00:00',NULL),(154,309,1,'2017-08-11 10:13:16','0000-00-00 00:00:00',NULL),(155,207,1,'2017-08-11 10:47:52','0000-00-00 00:00:00',NULL),(156,211,1,'2017-08-11 10:49:52','0000-00-00 00:00:00',NULL),(157,309,1,'2017-08-11 10:56:29','0000-00-00 00:00:00',NULL),(158,309,1,'2017-08-11 10:58:16','0000-00-00 00:00:00',NULL),(159,211,1,'2017-08-11 10:59:23','0000-00-00 00:00:00',NULL),(160,309,1,'2017-08-11 10:59:54','0000-00-00 00:00:00',NULL),(161,211,1,'2017-08-11 11:01:26','0000-00-00 00:00:00',NULL),(162,309,1,'2017-08-11 11:10:07','0000-00-00 00:00:00',NULL),(163,211,1,'2017-08-11 11:12:26','0000-00-00 00:00:00',NULL),(164,309,1,'2017-08-11 11:13:19','0000-00-00 00:00:00',NULL),(165,360,1,'2017-08-11 11:52:02','0000-00-00 00:00:00',NULL),(166,360,1,'2017-08-11 11:52:55','0000-00-00 00:00:00',NULL),(167,360,1,'2017-08-11 11:53:50','0000-00-00 00:00:00',NULL),(168,346,1,'2017-08-11 12:02:21','0000-00-00 00:00:00',NULL),(169,346,1,'2017-08-11 12:02:21','0000-00-00 00:00:00',NULL),(170,187,1,'2017-08-11 12:04:02','0000-00-00 00:00:00',NULL),(171,360,1,'2017-08-11 12:27:49','0000-00-00 00:00:00',NULL),(172,309,1,'2017-08-11 12:31:59','0000-00-00 00:00:00',NULL),(173,207,1,'2017-08-11 12:35:18','0000-00-00 00:00:00',NULL),(174,187,1,'2017-08-11 12:59:45','0000-00-00 00:00:00',NULL),(175,207,1,'2017-08-11 13:21:40','0000-00-00 00:00:00',NULL),(176,211,1,'2017-08-11 16:19:54','0000-00-00 00:00:00',NULL),(177,133,3,'2017-08-12 16:47:33','2017-09-11 11:48:30',NULL),(178,364,1,'2017-08-11 16:32:55','0000-00-00 00:00:00',NULL),(179,133,3,'2017-08-12 16:47:33','2017-09-11 11:48:30',NULL),(180,364,1,'2017-08-11 16:50:46','0000-00-00 00:00:00',NULL),(181,309,1,'2017-08-11 17:27:17','0000-00-00 00:00:00',NULL),(182,368,1,'2017-08-11 18:35:07','0000-00-00 00:00:00',NULL),(183,207,1,'2017-08-11 18:35:38','0000-00-00 00:00:00',NULL),(184,364,1,'2017-08-11 18:53:16','0000-00-00 00:00:00',NULL),(185,133,3,'2017-08-12 16:47:33','2017-09-11 11:48:30',NULL),(186,133,3,'2017-08-12 16:47:33','2017-09-11 11:48:30',NULL),(187,133,3,'2017-08-12 16:47:33','2017-09-11 11:48:30',NULL),(188,207,1,'2017-08-12 10:43:45','0000-00-00 00:00:00',NULL),(189,309,1,'2017-08-12 11:09:26','0000-00-00 00:00:00',NULL),(190,133,3,'2017-08-12 16:47:33','2017-09-11 11:48:30',NULL),(191,133,3,'2017-08-12 16:47:33','2017-09-11 11:48:30',NULL),(192,133,1,'2017-08-12 11:50:46','0000-00-00 00:00:00',NULL),(193,371,1,'2017-08-13 01:32:33','0000-00-00 00:00:00',NULL),(194,371,1,'2017-08-13 01:34:15','0000-00-00 00:00:00',NULL),(195,375,1,'2017-08-13 09:53:55','0000-00-00 00:00:00',NULL),(196,375,1,'2017-08-13 09:53:58','0000-00-00 00:00:00',NULL),(197,375,1,'2017-08-13 11:30:30','0000-00-00 00:00:00',NULL),(198,375,1,'2017-08-13 11:30:30','0000-00-00 00:00:00',NULL),(199,375,1,'2017-08-15 09:46:29','0000-00-00 00:00:00',NULL),(200,375,1,'2017-08-15 09:46:29','0000-00-00 00:00:00',NULL),(201,378,1,'2017-08-15 10:38:53','0000-00-00 00:00:00',NULL),(202,381,3,'2017-08-28 21:26:59','2017-09-27 16:32:19',NULL),(203,380,1,'2017-08-15 12:58:17','0000-00-00 00:00:00',NULL),(204,380,1,'2017-08-15 12:59:27','0000-00-00 00:00:00',NULL),(205,380,1,'2017-08-15 13:03:58','0000-00-00 00:00:00',NULL),(206,378,1,'2017-08-15 13:05:26','0000-00-00 00:00:00',NULL),(207,382,1,'2017-08-15 13:33:55','0000-00-00 00:00:00',NULL),(208,378,1,'2017-08-15 13:45:33','0000-00-00 00:00:00',NULL),(209,375,1,'2017-08-15 13:51:24','0000-00-00 00:00:00',NULL),(210,382,1,'2017-08-15 14:02:54','0000-00-00 00:00:00',NULL),(211,388,1,'2017-08-15 15:23:58','0000-00-00 00:00:00',NULL),(212,378,1,'2017-08-15 15:27:24','0000-00-00 00:00:00',NULL),(213,398,1,'2017-08-15 16:42:36','0000-00-00 00:00:00',NULL),(214,380,1,'2017-08-15 16:50:34','0000-00-00 00:00:00',NULL),(215,399,1,'2017-08-15 16:53:51','0000-00-00 00:00:00',NULL),(216,382,1,'2017-08-15 17:11:08','0000-00-00 00:00:00',NULL),(217,375,1,'2017-08-16 10:36:41','0000-00-00 00:00:00',NULL),(218,375,1,'2017-08-16 10:59:36','0000-00-00 00:00:00',NULL),(219,380,1,'2017-08-16 11:24:18','0000-00-00 00:00:00',NULL),(220,380,1,'2017-08-16 14:53:58','0000-00-00 00:00:00',NULL),(221,380,1,'2017-08-16 14:56:47','0000-00-00 00:00:00',NULL),(222,380,1,'2017-08-16 15:08:32','0000-00-00 00:00:00',NULL),(223,378,1,'2017-08-16 15:31:50','0000-00-00 00:00:00',NULL),(224,375,1,'2017-08-16 16:03:25','0000-00-00 00:00:00',NULL),(225,378,1,'2017-08-16 16:59:16','0000-00-00 00:00:00',NULL),(226,378,1,'2017-08-16 18:16:09','0000-00-00 00:00:00',NULL),(227,380,1,'2017-08-16 18:27:28','0000-00-00 00:00:00',NULL),(228,375,1,'2017-08-17 10:14:29','0000-00-00 00:00:00',NULL),(229,382,1,'2017-08-17 13:44:05','0000-00-00 00:00:00',NULL),(230,382,1,'2017-08-17 16:34:29','0000-00-00 00:00:00',NULL),(231,382,1,'2017-08-17 17:52:16','0000-00-00 00:00:00',NULL),(232,382,1,'2017-08-17 17:57:02','0000-00-00 00:00:00',NULL),(233,375,1,'2017-08-17 17:58:52','0000-00-00 00:00:00',NULL),(234,375,1,'2017-08-17 17:59:56','0000-00-00 00:00:00',NULL),(235,404,1,'2017-08-17 18:19:57','0000-00-00 00:00:00',NULL),(236,375,1,'2017-08-18 10:15:34','0000-00-00 00:00:00',NULL),(237,382,1,'2017-08-18 12:02:01','0000-00-00 00:00:00',NULL),(238,407,1,'2017-08-18 12:16:00','0000-00-00 00:00:00',NULL),(239,408,1,'2017-08-18 12:32:16','0000-00-00 00:00:00',NULL),(240,411,1,'2017-08-18 17:00:51','0000-00-00 00:00:00',NULL),(241,411,1,'2017-08-18 17:05:04','0000-00-00 00:00:00',NULL),(242,411,1,'2017-08-18 17:06:33','0000-00-00 00:00:00',NULL),(243,412,1,'2017-08-18 17:26:46','0000-00-00 00:00:00',NULL),(244,375,1,'2017-08-18 17:40:17','0000-00-00 00:00:00',NULL),(245,413,1,'2017-08-18 17:41:05','0000-00-00 00:00:00',NULL),(246,378,1,'2017-08-18 17:41:56','0000-00-00 00:00:00',NULL),(247,413,1,'2017-08-18 17:45:28','0000-00-00 00:00:00',NULL),(248,414,1,'2017-08-18 17:47:13','0000-00-00 00:00:00',NULL),(249,415,2,'2017-09-15 12:39:07','2017-10-15 12:39:07','2836'),(250,382,1,'2017-08-18 19:28:11','0000-00-00 00:00:00',NULL),(251,417,1,'2017-08-18 19:37:52','0000-00-00 00:00:00',NULL),(252,414,1,'2017-08-18 20:56:11','0000-00-00 00:00:00',NULL),(253,413,1,'2017-08-18 21:30:30','0000-00-00 00:00:00',NULL),(254,418,1,'2017-08-19 00:42:02','0000-00-00 00:00:00',NULL),(255,420,1,'2017-08-21 11:48:37','0000-00-00 00:00:00',NULL),(256,405,3,'2017-08-31 17:13:43','2017-09-30 17:13:43','I-CAE1D6AJX47H'),(257,405,3,'2017-08-31 17:13:43','2017-09-30 17:13:43','I-CAE1D6AJX47H'),(258,405,3,'2017-08-31 17:13:43','2017-09-30 17:13:43','I-CAE1D6AJX47H'),(259,381,3,'2017-08-28 21:26:59','2017-09-27 16:32:19',NULL),(260,378,1,'2017-08-21 13:12:19','0000-00-00 00:00:00',NULL),(261,421,2,'2017-08-31 15:04:24','2017-09-30 15:04:24','I-UCS65MSDL48W'),(262,421,2,'2017-08-31 15:04:24','2017-09-30 15:04:24','I-UCS65MSDL48W'),(263,405,3,'2017-08-31 17:13:43','2017-09-30 17:13:43','I-CAE1D6AJX47H'),(264,405,3,'2017-08-31 17:13:43','2017-09-30 17:13:43','I-CAE1D6AJX47H'),(265,422,1,'2017-08-21 14:09:43','0000-00-00 00:00:00',NULL),(266,422,1,'2017-08-21 14:11:04','0000-00-00 00:00:00',NULL),(267,421,2,'2017-08-31 15:04:24','2017-09-30 15:04:24','I-UCS65MSDL48W'),(268,380,1,'2017-08-21 17:11:37','0000-00-00 00:00:00',NULL),(269,380,1,'2017-08-21 17:13:34','0000-00-00 00:00:00',NULL),(270,380,1,'2017-08-21 17:15:34','0000-00-00 00:00:00',NULL),(271,421,2,'2017-08-31 15:04:24','2017-09-30 15:04:24','I-UCS65MSDL48W'),(272,381,3,'2017-08-28 21:26:59','2017-09-27 16:32:19',NULL),(273,405,3,'2017-08-31 17:13:43','2017-09-30 17:13:43','I-CAE1D6AJX47H'),(274,380,1,'2017-08-22 12:45:13','0000-00-00 00:00:00',NULL),(275,425,1,'2017-08-22 12:47:33','0000-00-00 00:00:00',NULL),(276,425,1,'2017-08-22 12:51:02','0000-00-00 00:00:00',NULL),(277,117,1,'2017-08-22 16:03:37','0000-00-00 00:00:00',NULL),(278,381,3,'2017-08-28 21:26:59','2017-09-27 16:32:19',NULL),(279,381,3,'2017-08-28 21:26:59','2017-09-27 16:32:19',NULL),(280,381,3,'2017-08-28 21:26:59','2017-09-27 16:32:19',NULL),(281,380,1,'2017-08-22 17:02:02','0000-00-00 00:00:00',NULL),(282,380,1,'2017-08-22 17:24:00','0000-00-00 00:00:00',NULL),(283,381,3,'2017-08-28 21:26:59','2017-09-27 16:32:19',NULL),(284,381,3,'2017-08-28 21:26:59','2017-09-27 16:32:19',NULL),(285,405,3,'2017-08-31 17:13:43','2017-09-30 17:13:43','I-CAE1D6AJX47H'),(286,381,3,'2017-08-28 21:26:59','2017-09-27 16:32:19',NULL),(287,381,3,'2017-08-28 21:26:59','2017-09-27 16:32:19',NULL),(288,381,3,'2017-08-28 21:26:59','2017-09-27 16:32:19',NULL),(289,438,1,'2017-08-23 11:22:23','0000-00-00 00:00:00',NULL),(290,380,1,'2017-08-23 11:24:53','0000-00-00 00:00:00',NULL),(291,381,3,'2017-08-28 21:26:59','2017-09-27 16:32:19',NULL),(292,421,2,'2017-08-31 15:04:24','2017-09-30 15:04:24','I-UCS65MSDL48W'),(293,421,2,'2017-08-31 15:04:24','2017-09-30 15:04:24','I-UCS65MSDL48W'),(294,381,3,'2017-08-28 21:26:59','2017-09-27 16:32:19',NULL),(295,381,3,'2017-08-28 21:26:59','2017-09-27 16:32:19',NULL),(296,380,1,'2017-08-23 12:52:39','0000-00-00 00:00:00',NULL),(297,378,1,'2017-08-23 12:55:03','0000-00-00 00:00:00',NULL),(298,378,1,'2017-08-23 12:55:52','0000-00-00 00:00:00',NULL),(299,380,1,'2017-08-23 12:57:02','0000-00-00 00:00:00',NULL),(300,381,3,'2017-08-28 21:26:59','2017-09-27 16:32:19',NULL),(301,381,3,'2017-08-28 21:26:59','2017-09-27 16:32:19',NULL),(302,381,3,'2017-08-28 21:26:59','2017-09-27 16:32:19',NULL),(303,405,3,'2017-08-31 17:13:43','2017-09-30 17:13:43','I-CAE1D6AJX47H'),(304,380,1,'2017-08-23 13:39:28','0000-00-00 00:00:00',NULL),(305,381,3,'2017-08-28 21:26:59','2017-09-27 16:32:19',NULL),(306,381,3,'2017-08-28 21:26:59','2017-09-27 16:32:19',NULL),(307,381,3,'2017-08-28 21:26:59','2017-09-27 16:32:19',NULL),(308,442,1,'2017-08-23 15:58:02','0000-00-00 00:00:00',NULL),(309,442,1,'2017-08-23 15:59:12','0000-00-00 00:00:00',NULL),(310,442,1,'2017-08-23 16:03:30','0000-00-00 00:00:00',NULL),(311,380,1,'2017-08-23 16:03:40','0000-00-00 00:00:00',NULL),(312,380,1,'2017-08-23 16:04:16','0000-00-00 00:00:00',NULL),(313,380,1,'2017-08-23 16:05:30','0000-00-00 00:00:00',NULL),(314,442,1,'2017-08-23 16:11:04','0000-00-00 00:00:00',NULL),(315,380,1,'2017-08-23 16:11:51','0000-00-00 00:00:00',NULL),(316,442,1,'2017-08-23 16:13:35','0000-00-00 00:00:00',NULL),(317,380,1,'2017-08-23 16:13:59','0000-00-00 00:00:00',NULL),(318,442,1,'2017-08-23 16:22:08','0000-00-00 00:00:00',NULL),(319,380,1,'2017-08-23 16:22:55','0000-00-00 00:00:00',NULL),(320,442,1,'2017-08-23 16:23:04','0000-00-00 00:00:00',NULL),(321,439,1,'2017-08-23 16:24:56','0000-00-00 00:00:00',NULL),(322,380,1,'2017-08-23 16:25:02','0000-00-00 00:00:00',NULL),(323,381,3,'2017-08-28 21:26:59','2017-09-27 16:32:19',NULL),(324,381,3,'2017-08-28 21:26:59','2017-09-27 16:32:19',NULL),(325,381,3,'2017-08-28 21:26:59','2017-09-27 16:32:19',NULL),(326,439,1,'2017-08-23 18:21:10','0000-00-00 00:00:00',NULL),(327,442,1,'2017-08-24 10:50:22','0000-00-00 00:00:00',NULL),(328,449,1,'2017-08-24 11:14:20','0000-00-00 00:00:00',NULL),(329,405,3,'2017-08-31 17:13:43','2017-09-30 17:13:43','I-CAE1D6AJX47H'),(330,380,1,'2017-08-24 11:21:29','0000-00-00 00:00:00',NULL),(331,378,1,'2017-08-24 11:23:35','0000-00-00 00:00:00',NULL),(332,439,1,'2017-08-24 11:40:31','0000-00-00 00:00:00',NULL),(333,380,1,'2017-08-24 12:49:11','0000-00-00 00:00:00',NULL),(334,380,1,'2017-08-24 12:50:31','0000-00-00 00:00:00',NULL),(335,380,1,'2017-08-24 13:38:45','0000-00-00 00:00:00',NULL),(336,439,1,'2017-08-24 13:39:35','0000-00-00 00:00:00',NULL),(337,439,1,'2017-08-24 13:41:04','0000-00-00 00:00:00',NULL),(338,380,1,'2017-08-24 15:06:02','0000-00-00 00:00:00',NULL),(339,439,1,'2017-08-24 15:10:54','0000-00-00 00:00:00',NULL),(340,439,1,'2017-08-24 15:48:18','0000-00-00 00:00:00',NULL),(341,439,1,'2017-08-24 15:56:47','0000-00-00 00:00:00',NULL),(342,380,1,'2017-08-24 15:56:51','0000-00-00 00:00:00',NULL),(343,405,3,'2017-08-31 17:13:43','2017-09-30 17:13:43','I-CAE1D6AJX47H'),(344,405,3,'2017-08-31 17:13:43','2017-09-30 17:13:43','I-CAE1D6AJX47H'),(345,405,3,'2017-08-31 17:13:43','2017-09-30 17:13:43','I-CAE1D6AJX47H'),(346,405,3,'2017-08-31 17:13:43','2017-09-30 17:13:43','I-CAE1D6AJX47H'),(347,439,1,'2017-08-24 16:38:38','0000-00-00 00:00:00',NULL),(348,380,1,'2017-08-24 16:55:48','0000-00-00 00:00:00',NULL),(349,439,1,'2017-08-24 16:56:33','0000-00-00 00:00:00',NULL),(350,439,1,'2017-08-24 17:01:22','0000-00-00 00:00:00',NULL),(351,405,3,'2017-08-31 17:13:43','2017-09-30 17:13:43','I-CAE1D6AJX47H'),(352,382,1,'2017-08-24 17:44:50','0000-00-00 00:00:00',NULL),(353,405,3,'2017-08-31 17:13:43','2017-09-30 17:13:43','I-CAE1D6AJX47H'),(354,380,1,'2017-08-24 17:57:13','0000-00-00 00:00:00',NULL),(355,421,2,'2017-08-31 15:04:24','2017-09-30 15:04:24','I-UCS65MSDL48W'),(356,405,3,'2017-08-31 17:13:43','2017-09-30 17:13:43','I-CAE1D6AJX47H'),(357,380,1,'2017-08-24 19:30:40','0000-00-00 00:00:00',NULL),(358,381,3,'2017-08-28 21:26:59','2017-09-27 16:32:19',NULL),(359,405,3,'2017-08-31 17:13:43','2017-09-30 17:13:43','I-CAE1D6AJX47H'),(360,381,3,'2017-08-28 21:26:59','2017-09-27 16:32:19',NULL),(361,462,1,'2017-08-25 11:45:31','0000-00-00 00:00:00',NULL),(362,462,1,'2017-08-25 11:46:34','0000-00-00 00:00:00',NULL),(363,462,1,'2017-08-25 11:49:55','0000-00-00 00:00:00',NULL),(364,462,1,'2017-08-25 11:55:46','0000-00-00 00:00:00',NULL),(365,439,1,'2017-08-25 12:03:43','0000-00-00 00:00:00',NULL),(366,381,3,'2017-08-28 21:26:59','2017-09-27 16:32:19',NULL),(367,462,1,'2017-08-25 12:34:33','0000-00-00 00:00:00',NULL),(368,463,1,'2017-08-25 12:52:07','0000-00-00 00:00:00',NULL),(369,463,1,'2017-08-25 12:52:30','0000-00-00 00:00:00',NULL),(370,462,1,'2017-08-25 13:24:44','0000-00-00 00:00:00',NULL),(371,381,3,'2017-08-28 21:26:59','2017-09-27 16:32:19',NULL),(372,439,1,'2017-08-25 15:21:51','0000-00-00 00:00:00',NULL),(373,439,1,'2017-08-25 16:05:21','0000-00-00 00:00:00',NULL),(374,380,1,'2017-08-25 16:06:07','0000-00-00 00:00:00',NULL),(375,439,1,'2017-08-25 16:20:29','0000-00-00 00:00:00',NULL),(376,380,1,'2017-08-25 16:20:44','0000-00-00 00:00:00',NULL),(377,439,1,'2017-08-25 16:23:51','0000-00-00 00:00:00',NULL),(378,380,1,'2017-08-25 16:23:59','0000-00-00 00:00:00',NULL),(379,439,1,'2017-08-25 16:25:53','0000-00-00 00:00:00',NULL),(380,439,1,'2017-08-25 16:58:53','0000-00-00 00:00:00',NULL),(381,380,1,'2017-08-25 16:59:12','0000-00-00 00:00:00',NULL),(382,439,1,'2017-08-25 17:39:25','0000-00-00 00:00:00',NULL),(383,381,3,'2017-08-28 21:26:59','2017-09-27 16:32:19',NULL),(384,381,3,'2017-08-28 21:26:59','2017-09-27 16:32:19',NULL),(385,381,3,'2017-08-28 21:26:59','2017-09-27 16:32:19',NULL),(386,439,1,'2017-08-25 18:17:46','0000-00-00 00:00:00',NULL),(387,439,1,'2017-08-25 18:20:56','0000-00-00 00:00:00',NULL),(388,439,1,'2017-08-25 18:21:49','0000-00-00 00:00:00',NULL),(389,450,1,'2017-08-25 18:22:17','0000-00-00 00:00:00',NULL),(390,439,1,'2017-08-25 18:23:04','0000-00-00 00:00:00',NULL),(391,380,1,'2017-08-25 18:25:03','0000-00-00 00:00:00',NULL),(392,381,3,'2017-08-28 21:26:59','2017-09-27 16:32:19',NULL),(393,421,2,'2017-08-31 15:04:24','2017-09-30 15:04:24','I-UCS65MSDL48W'),(394,381,3,'2017-08-28 21:26:59','2017-09-27 16:32:19',NULL),(395,462,1,'2017-08-28 11:07:17','0000-00-00 00:00:00',NULL),(396,421,2,'2017-08-31 15:04:24','2017-09-30 15:04:24','I-UCS65MSDL48W'),(397,381,3,'2017-08-28 21:26:59','2017-09-27 16:32:19',NULL),(398,381,3,'2017-08-28 21:26:59','2017-09-27 16:32:19',NULL),(399,421,2,'2017-08-31 15:04:24','2017-09-30 15:04:24','I-UCS65MSDL48W'),(400,381,3,'2017-08-28 21:26:59','2017-09-27 16:32:19',NULL),(401,381,3,'2017-08-28 21:26:59','2017-09-27 16:32:19',NULL),(402,381,3,'2017-08-28 21:26:59','2017-09-27 16:32:19',NULL),(403,439,1,'2017-08-28 13:44:16','0000-00-00 00:00:00',NULL),(404,381,3,'2017-08-28 21:26:59','2017-09-27 16:32:19',NULL),(405,381,3,'2017-08-28 21:26:59','2017-09-27 16:32:19',NULL),(406,381,1,'2017-08-28 17:57:08','0000-00-00 00:00:00',NULL),(407,380,1,'2017-08-28 18:33:06','0000-00-00 00:00:00',NULL),(408,439,1,'2017-08-28 18:42:09','0000-00-00 00:00:00',NULL),(409,439,1,'2017-08-29 11:02:13','0000-00-00 00:00:00',NULL),(410,380,1,'2017-08-29 11:02:28','0000-00-00 00:00:00',NULL),(411,439,1,'2017-08-29 11:03:50','0000-00-00 00:00:00',NULL),(412,382,1,'2017-08-29 11:16:26','0000-00-00 00:00:00',NULL),(413,450,1,'2017-08-29 11:29:59','0000-00-00 00:00:00',NULL),(414,439,1,'2017-08-29 11:31:31','0000-00-00 00:00:00',NULL),(415,380,1,'2017-08-29 11:32:49','0000-00-00 00:00:00',NULL),(416,450,1,'2017-08-29 11:35:30','0000-00-00 00:00:00',NULL),(417,439,1,'2017-08-29 11:48:29','0000-00-00 00:00:00',NULL),(418,380,1,'2017-08-29 11:52:54','0000-00-00 00:00:00',NULL),(419,378,1,'2017-08-29 12:12:34','0000-00-00 00:00:00',NULL),(420,405,3,'2017-08-31 17:13:43','2017-09-30 17:13:43','I-CAE1D6AJX47H'),(421,405,3,'2017-08-31 17:13:43','2017-09-30 17:13:43','I-CAE1D6AJX47H'),(422,380,1,'2017-08-29 12:35:11','0000-00-00 00:00:00',NULL),(423,405,3,'2017-08-31 17:13:43','2017-09-30 17:13:43','I-CAE1D6AJX47H'),(424,439,1,'2017-08-29 13:14:12','0000-00-00 00:00:00',NULL),(425,382,1,'2017-08-29 13:19:23','0000-00-00 00:00:00',NULL),(426,439,1,'2017-08-29 16:34:28','0000-00-00 00:00:00',NULL),(427,421,2,'2017-08-31 15:04:24','2017-09-30 15:04:24','I-UCS65MSDL48W'),(428,462,1,'2017-08-29 17:44:27','0000-00-00 00:00:00',NULL),(429,462,1,'2017-08-29 17:58:38','0000-00-00 00:00:00',NULL),(430,439,1,'2017-08-29 18:03:13','0000-00-00 00:00:00',NULL),(431,439,1,'2017-08-29 18:03:28','0000-00-00 00:00:00',NULL),(432,421,2,'2017-08-31 15:04:24','2017-09-30 15:04:24','I-UCS65MSDL48W'),(433,421,2,'2017-08-31 15:04:24','2017-09-30 15:04:24','I-UCS65MSDL48W'),(434,421,2,'2017-08-31 15:04:24','2017-09-30 15:04:24','I-UCS65MSDL48W'),(435,439,1,'2017-08-30 11:22:13','0000-00-00 00:00:00',NULL),(436,421,2,'2017-08-31 15:04:24','2017-09-30 15:04:24','I-UCS65MSDL48W'),(437,421,2,'2017-08-31 15:04:24','2017-09-30 15:04:24','I-UCS65MSDL48W'),(438,421,2,'2017-08-31 15:04:24','2017-09-30 15:04:24','I-UCS65MSDL48W'),(439,421,2,'2017-08-31 15:04:24','2017-09-30 15:04:24','I-UCS65MSDL48W'),(440,421,2,'2017-08-31 15:04:24','2017-09-30 15:04:24','I-UCS65MSDL48W'),(441,421,2,'2017-08-31 15:04:24','2017-09-30 15:04:24','I-UCS65MSDL48W'),(442,421,2,'2017-08-31 15:04:24','2017-09-30 15:04:24','I-UCS65MSDL48W'),(443,421,2,'2017-08-31 15:04:24','2017-09-30 15:04:24','I-UCS65MSDL48W'),(444,421,2,'2017-08-31 15:04:24','2017-09-30 15:04:24','I-UCS65MSDL48W'),(445,380,1,'2017-08-30 11:40:03','0000-00-00 00:00:00',NULL),(446,439,1,'2017-08-30 11:40:08','0000-00-00 00:00:00',NULL),(447,439,1,'2017-08-30 11:46:07','0000-00-00 00:00:00',NULL),(448,380,1,'2017-08-30 11:48:47','0000-00-00 00:00:00',NULL),(449,380,1,'2017-08-30 11:59:15','0000-00-00 00:00:00',NULL),(450,421,2,'2017-08-31 15:04:24','2017-09-30 15:04:24','I-UCS65MSDL48W'),(451,421,2,'2017-08-31 15:04:24','2017-09-30 15:04:24','I-UCS65MSDL48W'),(452,421,2,'2017-08-31 15:04:24','2017-09-30 15:04:24','I-UCS65MSDL48W'),(453,421,2,'2017-08-31 15:04:24','2017-09-30 15:04:24','I-UCS65MSDL48W'),(454,421,2,'2017-08-31 15:04:24','2017-09-30 15:04:24','I-UCS65MSDL48W'),(455,421,2,'2017-08-31 15:04:24','2017-09-30 15:04:24','I-UCS65MSDL48W'),(456,415,2,'2017-09-15 12:39:07','2017-10-15 12:39:07','2836'),(457,421,2,'2017-08-31 15:04:24','2017-09-30 15:04:24','I-UCS65MSDL48W'),(458,421,2,'2017-08-31 15:04:24','2017-09-30 15:04:24','I-UCS65MSDL48W'),(459,415,2,'2017-09-15 12:39:07','2017-10-15 12:39:07','2836'),(460,421,2,'2017-08-31 15:04:24','2017-09-30 15:04:24','I-UCS65MSDL48W'),(461,421,2,'2017-08-31 15:04:24','2017-09-30 15:04:24','I-UCS65MSDL48W'),(462,471,1,'2017-08-30 16:48:56','0000-00-00 00:00:00',NULL),(463,421,2,'2017-08-31 15:04:24','2017-09-30 15:04:24','I-UCS65MSDL48W'),(464,471,1,'2017-08-30 17:07:10','0000-00-00 00:00:00',NULL),(465,471,1,'2017-08-30 17:08:25','0000-00-00 00:00:00',NULL),(466,470,1,'2017-08-30 17:09:57','0000-00-00 00:00:00',NULL),(467,439,1,'2017-08-30 17:10:16','0000-00-00 00:00:00',NULL),(468,470,1,'2017-08-30 17:15:20','0000-00-00 00:00:00',NULL),(469,439,1,'2017-08-30 17:18:29','0000-00-00 00:00:00',NULL),(470,470,1,'2017-08-30 17:34:25','0000-00-00 00:00:00',NULL),(471,421,2,'2017-08-31 15:04:24','2017-09-30 15:04:24','I-UCS65MSDL48W'),(472,421,2,'2017-08-31 15:04:24','2017-09-30 15:04:24','I-UCS65MSDL48W'),(473,421,2,'2017-08-31 15:04:24','2017-09-30 15:04:24','I-UCS65MSDL48W'),(474,380,1,'2017-08-30 17:57:50','0000-00-00 00:00:00',NULL),(475,421,2,'2017-08-31 15:04:24','2017-09-30 15:04:24','I-UCS65MSDL48W'),(476,439,1,'2017-08-30 18:01:19','0000-00-00 00:00:00',NULL),(477,439,1,'2017-08-30 18:02:13','0000-00-00 00:00:00',NULL),(478,469,1,'2017-08-31 12:23:02','0000-00-00 00:00:00',NULL),(479,469,1,'2017-08-31 12:25:14','0000-00-00 00:00:00',NULL),(480,469,1,'2017-08-31 12:34:32','0000-00-00 00:00:00',NULL),(481,405,3,'2017-08-31 17:13:43','2017-09-30 17:13:43','I-CAE1D6AJX47H'),(482,469,1,'2017-08-31 13:10:54','0000-00-00 00:00:00',NULL),(483,382,1,'2017-08-31 13:33:49','0000-00-00 00:00:00',NULL),(484,382,1,'2017-08-31 13:42:13','0000-00-00 00:00:00',NULL),(485,382,1,'2017-08-31 13:55:57','0000-00-00 00:00:00',NULL),(486,380,1,'2017-08-31 15:03:47','0000-00-00 00:00:00',NULL),(487,439,1,'2017-08-31 15:17:54','0000-00-00 00:00:00',NULL),(488,439,1,'2017-08-31 15:33:25','0000-00-00 00:00:00',NULL),(489,439,1,'2017-08-31 15:35:04','0000-00-00 00:00:00',NULL),(490,380,1,'2017-08-31 15:35:09','0000-00-00 00:00:00',NULL),(491,405,3,'2017-08-31 17:13:43','2017-09-30 17:13:43','I-CAE1D6AJX47H'),(492,421,1,'2017-08-31 15:42:08','0000-00-00 00:00:00',NULL),(493,439,1,'2017-08-31 15:44:53','0000-00-00 00:00:00',NULL),(494,381,1,'2017-08-31 15:51:12','0000-00-00 00:00:00',NULL),(495,381,1,'2017-08-31 15:56:43','0000-00-00 00:00:00',NULL),(496,439,1,'2017-08-31 16:08:36','0000-00-00 00:00:00',NULL),(497,405,3,'2017-08-31 17:13:43','2017-09-30 17:13:43','I-CAE1D6AJX47H'),(498,405,3,'2017-08-31 17:13:43','2017-09-30 17:13:43','I-CAE1D6AJX47H'),(499,415,2,'2017-09-15 12:39:07','2017-10-15 12:39:07','2836'),(500,405,3,'2017-08-31 17:13:43','2017-09-30 17:13:43','I-CAE1D6AJX47H'),(501,415,2,'2017-09-15 12:39:07','2017-10-15 12:39:07','2836'),(502,470,1,'2017-08-31 17:04:30','0000-00-00 00:00:00',NULL),(503,462,1,'2017-08-31 18:08:53','0000-00-00 00:00:00',NULL),(504,405,1,'2017-08-31 18:18:58','0000-00-00 00:00:00',NULL),(505,405,1,'2017-08-31 18:19:35','0000-00-00 00:00:00',NULL),(506,405,1,'2017-08-31 18:22:32','0000-00-00 00:00:00',NULL),(507,382,1,'2017-08-31 21:53:06','0000-00-00 00:00:00',NULL),(508,469,1,'2017-08-31 21:55:10','0000-00-00 00:00:00',NULL),(509,462,1,'2017-09-01 02:10:18','0000-00-00 00:00:00',NULL),(510,405,1,'2017-09-05 10:41:12','0000-00-00 00:00:00',NULL),(511,405,1,'2017-09-05 13:26:41','0000-00-00 00:00:00',NULL),(512,405,1,'2017-09-05 13:30:54','0000-00-00 00:00:00',NULL),(513,382,1,'2017-09-05 15:04:57','0000-00-00 00:00:00',NULL),(514,421,1,'2017-09-05 15:54:02','0000-00-00 00:00:00',NULL),(515,405,1,'2017-09-05 16:16:12','0000-00-00 00:00:00',NULL),(516,493,1,'2017-09-05 16:52:08','0000-00-00 00:00:00',NULL),(517,494,1,'2017-09-05 17:01:11','0000-00-00 00:00:00',NULL),(518,496,1,'2017-09-06 13:24:24','0000-00-00 00:00:00',NULL),(519,498,1,'2017-09-06 13:30:17','0000-00-00 00:00:00',NULL),(520,501,1,'2017-09-07 20:18:54','0000-00-00 00:00:00',NULL),(521,502,1,'2017-09-08 11:51:31','0000-00-00 00:00:00',NULL),(522,503,1,'2017-09-08 12:05:04','0000-00-00 00:00:00',NULL),(523,504,1,'2017-09-08 12:06:13','0000-00-00 00:00:00',NULL),(524,506,1,'2017-09-08 12:23:40','0000-00-00 00:00:00',NULL),(525,507,1,'2017-09-10 03:16:37','0000-00-00 00:00:00',NULL),(526,509,5,'2017-09-12 10:55:17','0000-00-00 00:00:00',NULL),(527,510,1,'2017-09-12 11:01:47','0000-00-00 00:00:00',NULL),(528,531,1,'2017-09-14 11:22:42','2017-10-14 11:22:42',NULL),(529,532,1,'2017-09-14 11:27:13','2017-10-14 11:27:13',NULL),(530,533,1,'2017-09-14 11:28:17','2017-10-14 11:28:17',NULL),(531,534,1,'2017-09-14 11:33:56','2017-10-14 11:33:56',NULL),(532,535,1,'2017-09-14 11:38:51','2017-10-14 11:38:51',NULL),(533,536,1,'2017-09-14 12:03:09','2017-10-14 12:03:09',NULL),(534,537,1,'2017-09-14 12:04:52','2017-10-14 12:04:52',NULL),(535,538,1,'2017-09-14 12:05:49','2017-10-14 12:05:49',NULL),(536,543,1,'2017-09-14 12:20:50','2017-10-14 12:20:50',NULL),(537,544,1,'2017-09-14 12:21:30','2017-10-14 12:21:30',NULL),(538,545,1,'2017-09-14 12:27:23','2017-10-14 12:27:23',NULL),(539,546,1,'2017-09-14 12:28:32','2017-10-14 12:28:32',NULL),(540,547,1,'2017-09-14 12:29:33','2017-10-14 12:29:33',NULL),(541,548,1,'2017-09-14 12:33:27','0000-00-00 00:00:00',NULL),(542,551,1,'2017-09-14 12:34:11','0000-00-00 00:00:00',NULL),(543,555,1,'2017-09-14 12:49:48','0000-00-00 00:00:00',NULL),(544,557,1,'2017-09-14 12:50:08','0000-00-00 00:00:00',NULL),(545,558,1,'2017-09-14 12:50:20','0000-00-00 00:00:00',NULL),(546,559,1,'2017-09-14 12:50:38','0000-00-00 00:00:00',NULL),(547,571,1,'2017-09-14 13:08:43','0000-00-00 00:00:00',NULL),(548,573,1,'2017-09-14 13:08:59','0000-00-00 00:00:00',NULL),(549,574,1,'2017-09-14 13:43:06','0000-00-00 00:00:00',NULL),(550,575,1,'2017-09-14 13:57:14','0000-00-00 00:00:00',NULL),(551,579,1,'2017-09-14 16:46:02','0000-00-00 00:00:00',NULL),(552,580,1,'2017-09-14 17:12:11','0000-00-00 00:00:00',NULL),(553,581,1,'2017-09-14 17:21:50','0000-00-00 00:00:00',NULL),(554,582,1,'2017-09-14 17:27:34','0000-00-00 00:00:00',NULL),(555,584,1,'2017-09-15 10:18:21','0000-00-00 00:00:00',NULL),(556,590,1,'2017-09-15 10:32:19','0000-00-00 00:00:00',NULL),(557,591,1,'2017-09-15 10:33:37','0000-00-00 00:00:00',NULL),(558,595,1,'2017-09-15 10:47:10','0000-00-00 00:00:00',NULL),(559,597,1,'2017-09-15 12:59:45','0000-00-00 00:00:00',NULL),(560,572,1,'2017-09-15 08:48:52','0000-00-00 00:00:00',NULL),(561,598,1,'2017-09-15 15:53:48','0000-00-00 00:00:00',NULL),(562,599,5,'2017-09-17 05:44:13','0000-00-00 00:00:00',NULL),(563,600,5,'2017-09-17 05:44:29','0000-00-00 00:00:00',NULL),(564,601,1,'2017-09-18 10:44:14','0000-00-00 00:00:00',NULL),(565,602,1,'2017-09-18 10:48:17','0000-00-00 00:00:00',NULL),(566,603,1,'2017-09-18 11:13:16','0000-00-00 00:00:00',NULL),(567,604,5,'2017-09-18 11:55:05','0000-00-00 00:00:00',NULL),(568,605,5,'2017-09-18 12:16:48','0000-00-00 00:00:00',NULL),(569,606,5,'2017-09-18 12:20:09','0000-00-00 00:00:00',NULL),(570,607,5,'2017-09-18 12:47:55','0000-00-00 00:00:00',NULL),(571,608,5,'2017-09-18 12:48:45','0000-00-00 00:00:00',NULL),(573,606,5,'2017-09-18 12:20:09','0000-00-00 00:00:00',NULL),(574,550,5,'2017-09-19 15:37:25','0000-00-00 00:00:00',NULL),(575,1,5,'2017-09-21 16:01:04','0000-00-00 00:00:00',NULL),(576,610,1,'2017-09-21 17:28:57','0000-00-00 00:00:00',NULL),(577,611,5,'2017-09-21 17:53:00','0000-00-00 00:00:00',NULL),(578,612,5,'2017-09-21 17:53:30','0000-00-00 00:00:00',NULL),(579,613,5,'2017-09-21 18:14:45','0000-00-00 00:00:00',NULL),(580,614,1,'2017-09-21 18:25:43','0000-00-00 00:00:00',NULL),(581,615,1,'2017-09-21 19:46:11','0000-00-00 00:00:00',NULL),(582,616,1,'2017-09-21 23:51:03','0000-00-00 00:00:00',NULL),(583,618,1,'2017-09-21 23:52:15','0000-00-00 00:00:00',NULL);

/*Table structure for table `users` */

DROP TABLE IF EXISTS `users`;

CREATE TABLE `users` (
  `id` int(11) NOT NULL AUTO_INCREMENT,
  `Studio_Name` varchar(200) DEFAULT NULL,
  `username` varchar(200) NOT NULL,
  `email` varchar(200) NOT NULL,
  `password` varchar(100) NOT NULL,
  `contact_no` varchar(100) DEFAULT NULL,
  `Address` text NOT NULL,
  `user_type` enum('admin','studio_user','normal_user','staff_member','freelancer') DEFAULT NULL,
  `login_time` timestamp NOT NULL DEFAULT CURRENT_TIMESTAMP ON UPDATE CURRENT_TIMESTAMP,
  `logout_time` datetime NOT NULL,
  `device_token` text,
  `fb_id` bigint(20) DEFAULT NULL,
  `google_id` bigint(20) DEFAULT NULL,
  `Twitter_id` bigint(20) NOT NULL,
  `profile_pic` varchar(200) DEFAULT NULL,
  `country` varchar(200) DEFAULT NULL,
  `zipcode` varchar(200) DEFAULT NULL,
  `user_status` int(11) DEFAULT '0',
  `lat` double DEFAULT NULL,
  `lng` double DEFAULT NULL,
  `cover_pic` varchar(199) DEFAULT NULL,
  `Average_ratings` int(20) DEFAULT NULL,
  `is_online` tinyint(1) DEFAULT '0',
  `platform` varchar(300) NOT NULL,
  `remember_token` text NOT NULL,
  `socket_io_ids` text,
  `time_zone` text,
  PRIMARY KEY (`id`,`Twitter_id`)
) ENGINE=InnoDB AUTO_INCREMENT=666 DEFAULT CHARSET=latin1;

/*Data for the table `users` */

insert  into `users`(`id`,`Studio_Name`,`username`,`email`,`password`,`contact_no`,`Address`,`user_type`,`login_time`,`logout_time`,`device_token`,`fb_id`,`google_id`,`Twitter_id`,`profile_pic`,`country`,`zipcode`,`user_status`,`lat`,`lng`,`cover_pic`,`Average_ratings`,`is_online`,`platform`,`remember_token`,`socket_io_ids`,`time_zone`) values (1,'Admin','','admin@studio.com','$2y$10$II4tBYZ96mCBbRmHCMXZJ.JDf6ZFPKkl44u104UCFF/khbdrzulLq',NULL,'',NULL,'2017-09-21 11:46:13','0000-00-00 00:00:00',NULL,NULL,NULL,0,NULL,NULL,NULL,0,NULL,NULL,NULL,0,1,'web','Bst6weZtB2glrLYuBq4F81JReeX8z8HLEveI8G4s6wlFjzQ4Ez8OSfDR3bjM','[]',NULL),(86,'sami ahmed','RAnis43','sami199017@gmail.com','$2y$10$7Ivc9YKWF5Y3jy76Wo9NCu9v.l5YVgn0W2LkrH4wrK./B.7K5rKIm','1414114','house no 57/dsfdf','studio_user','2017-09-15 06:42:00','0000-00-00 00:00:00',NULL,NULL,NULL,0,'public/assets/uploads/images/2017/07/studioapp_up_1500764551','pakistan','1411',1,25.375127526439,68.348341137171,'public/assets/uploads/coverplaceholder.jpg',2,0,'','',NULL,'Asia/Karachi'),(117,'sami ahmed khan','sas1441','sam1441i@yopmail.com','$2y$10$yDY88OFnsLCjiqif3Eymtuxg0UDuwD.2w55jbd.H39mGVXKzj4B/K','03083790155','hyderabad','normal_user','2017-08-22 11:03:37','0000-00-00 00:00:00','825',NULL,NULL,0,'public/assets/uploads/images/2017/07/studioapp_up_1501061693.jpg','Pakistan','151141',1,25.375127526439,68.348341137171,NULL,5,0,'android','',NULL,NULL),(375,'rewewrewr','sfsddsfsdfssddf','maaz@gexton.com','$2y$10$5wyZNymz4/uECuLMcWWz4eRXYDbWoSDdOmfvaRUTMLb4JXT0adglW','5444544','gegerge','studio_user','2017-09-18 07:16:15','0000-00-00 00:00:00','',NULL,NULL,0,'public/assets/uploads/images/2017/09/studioapp_up_1505718975.sql',NULL,NULL,0,423243.43423,4234324.423,'public/assets/uploads/coverimages/2017/08/studioapp_up_1502863569.png',0,0,'iphone','',NULL,NULL),(378,'The AA','aqi','aqi@yopmail.com','$2y$10$uY3p746XZW4MT2.lyV6TlOOzBboyKl/OYu/K73QkZuB7zDUyzIC56','+12344567777','Auto Bhan Rd, Hyderabad, Pakistan','studio_user','2017-09-23 06:02:21','0000-00-00 00:00:00','dddd',NULL,NULL,0,'public/assets/uploads/images/2017/08/studioapp_up_1502885172.jpg',NULL,NULL,0,25.3777641930656,68.3414103090763,'public/assets/uploads/coverimages/2017/08/studioapp_up_1502775857.png',4,0,'iphone','',NULL,NULL),(380,'Aqeel Ahmed','aqi00','aqi00@yopmail.com','$2y$10$tnS/bS8OHRq6oWJQrJTNZOsFmuD99xKFLRgZ6A/usx/FO9AtuFFfO','123456789','Auto Bhan Rd, Hyderabad, Pakistan','normal_user','2017-09-12 06:38:28','0000-00-00 00:00:00','c-K1muiIrzg:APA91bFsDuP9d-susCGGIR4QOCUcC_IutVKUgG0DCJ0XvTyf7vF7Pr6srmDfh7onriuXnEJxShu36oy0P40mCesathqTbhjHGmOlMp23oDYnaP0Wu2D5bn1VQ8vuiUPNxTrQuXLQoRDv',NULL,NULL,0,'public/assets/uploads/images/2017/08/studioapp_up_1504077793.jpg',NULL,NULL,0,25.3751275264391,68.3483411371708,'public/assets/uploads/coverimages/2017/08/studioapp_up_1503388018.png',NULL,0,'iphone','',NULL,NULL),(381,'Android','','sminhajali25@yahoo.com','$2y$10$m2oRZkLOYHgiCdYux7rvfeXoapMGqz2/rR5GKzVnte5L43DkK28he','03213961278','Hajji Ali Nawaz Chohan, Kotri, Pakistan,Pakistan','studio_user','2017-09-18 05:41:11','0000-00-00 00:00:00','a1312svcxbertwersdfasdfasdfasdfasdfasdfasdfasdfaewqrwerxcvz',NULL,NULL,0,'public/assets/uploads/images/2017/09/studioapp_up_1505464354.jpg',NULL,NULL,0,25.354060905244,68.26834425330162,'public/assets/uploads/coverimages/2017/09/studioapp_up_1505464327.png',NULL,1,'Android','',NULL,NULL),(382,'Asad Rizwan','asad','asad@yopmail.com','$2y$10$ZGFYBnwtxfzSGgdWecpMJO/INckTzD8r9EoTcDUNPFMVLCxPfBGfG','123456789','Gexton Education','normal_user','2017-09-26 12:57:13','0000-00-00 00:00:00','dc_0R-iAfqo:APA91bFQnU9NJ4F2j7treg4kE99zNiRDk0RK68EUHUIPMdgErOED4CG83oDkZymTzfA0XKpMT_gzrYvVzFkdiQcBO15ee3LW2obmNSj246A8ZxaWOWZsrQVPzjsxah_A8DEEBf6U9W4P',NULL,NULL,0,'public/assets/uploads/images/2017/09/studioapp_up_1505904707.jpg',NULL,NULL,0,25.375122599999997,68.3505304,'public/assets/uploads/coverimages/2017/09/studioapp_up_1506343202.png',NULL,1,'android','','[]',NULL),(384,'The AA','','gg aqi@yopmail.com','$2y$10$HQtCFnwf/k2SSRYiHEupiuKsmgMVov0wUnlH61eKGRI5rAeRnnJm6','+12344567777','','studio_user','2017-08-15 08:46:05','0000-00-00 00:00:00','dddd',NULL,NULL,0,NULL,NULL,NULL,0,NULL,NULL,NULL,NULL,0,'iphone','',NULL,NULL),(388,'sami','khan','sami@yopmail.com','$2y$10$Mx.Xx22mxx6BlIGEvAXH5eYqlD7BieeCPxliekZPd.OT7BlI8eALq','03083790155','house no 57','normal_user','2017-08-15 10:23:58','0000-00-00 00:00:00',NULL,NULL,NULL,0,'public/assets/uploads/images/2017/08/studioapp_up_1502792638.jpg','Pakistan','151141',1,69.34511599999996,69.34511599999996,NULL,NULL,0,'','',NULL,NULL),(392,'aqii','','aqq15454541@yopmail.com','$2y$10$ITGsjwcA7.M3awiFBtEuBuDQeMNlNua9XMhZWI/dFS18v0KW6LkpW','57887','','studio_user','2017-08-15 10:32:50','0000-00-00 00:00:00','756',NULL,NULL,0,NULL,NULL,NULL,0,NULL,NULL,NULL,NULL,0,'iphone','',NULL,NULL),(395,'aqii','','junaidameen2009@gmail.com','$2y$10$YJv6nPUf8FhDnlApOj3v0ubD60AEbE49Iid8hee8RTtHaj4OV/3hm','57887','','studio_user','2017-08-15 10:40:53','0000-00-00 00:00:00','756',NULL,NULL,0,NULL,NULL,NULL,0,NULL,NULL,NULL,NULL,0,'iphone','',NULL,NULL),(396,'Aqib Ahmed','aqib','aqib@yopmail.com','$2y$10$2mePTZG9cExWv/3yhCY46Ow/t00mp7UttmAZ3qgjVNzd.y4xsCYVW','+12344567777','AH2, Hyderabad, Pakistan','normal_user','2017-08-15 10:47:14','0000-00-00 00:00:00','123',NULL,NULL,0,'public/assets/uploads/images/2017/08/studioapp_up_1502794034.jpg',NULL,NULL,0,25.3785835957759,68.3178739249706,NULL,NULL,0,'iphone','',NULL,NULL),(397,'Asim Ali','','asim@yopmail.com','$2y$10$oHyy4LAn9RBDmyyAPgY8te/kjgWWX6NSfPbqUeH1CzhjndJCSlX62','+12344567777','','normal_user','2017-08-15 11:41:15','0000-00-00 00:00:00','123',NULL,NULL,0,NULL,NULL,NULL,0,NULL,NULL,NULL,NULL,0,'iphone','',NULL,NULL),(400,'The Freelancer','','aqif@yopmail.com','$2y$10$Q/eTWOu/A8xmkonfFDp2LO52RLk44yLtSIGAvsDUJZPGQckCMoYWO','+12344567777','','freelancer','2017-08-16 12:58:48','0000-00-00 00:00:00','dddd',NULL,NULL,0,NULL,NULL,NULL,0,NULL,NULL,NULL,NULL,0,'iphone','',NULL,NULL),(401,'The Freelancer','','aqiff@yopmail.com','$2y$10$UErmhJ1kPQwqB24.QIUX9.qwnpSfdV9gNIcSraPx2jcXyAHqrDAXu','+12344567777','','freelancer','2017-08-16 12:59:10','0000-00-00 00:00:00','dddd',NULL,NULL,0,NULL,NULL,NULL,0,NULL,NULL,NULL,NULL,0,'iphone','',NULL,NULL),(405,'The Aqir','asfasf','aqir@yopmail.com','$2y$10$m3HQGQE8/sxKrVQrgYAF7ul1s9FSd3id5uJM6vJbsrntixd4nKfoS','+12344567777','Breitistrasse 77, 8303 Bassersdorf, Switzerland','studio_user','2017-09-22 14:46:43','0000-00-00 00:00:00','cD_ilUD_NKE:APA91bGzPRR4r4hYF2zS5wtaD6ATCIs7_Agcai8KiCze3s3g5n_MdOjgO_NTa46wANK8ddplfc0ezLKJE2Yhq1pUO0_SfF6o6lwNii9gX--pPiGWrfVFdw9zSpFLi5SYFvLeXfBh6Zgl',NULL,NULL,0,'public/assets/uploads/images/2017/08/studioapp_up_1504176115.jpg',NULL,NULL,0,47.4409495220034,8.63603610545397,'public/assets/uploads/coverimages/2017/08/studioapp_up_1503300188.png',1,1,'iphone','','[]',NULL),(406,'aloodgi','aloodgi natasha','aloodgi@yopmail.com','$2y$10$P8TEzdNmGp1BmNCiTo68nOFYed3NF0k0fd8TE6LGB1S07RD/KdP.m','03462743399','Super Society Market, Hyderabad, Pakistan','normal_user','2017-08-18 07:04:26','0000-00-00 00:00:00','123',NULL,NULL,0,'public/assets/uploads/images/2017/08/studioapp_up_1503039866.jpg',NULL,NULL,0,25.3756122121217,68.3494123443961,NULL,NULL,0,'iphone','',NULL,NULL),(407,'darvesh','darvesh studio','darvesh@yopmail.com','$2y$10$/bO0uRKTTHNqkGj89BvBX.2Bk8G.jBhDDuHOrvSFcrVL6EaMLQGvm','03462743399','Super Society Market, Hyderabad, Pakistan','studio_user','2017-08-18 07:16:26','0000-00-00 00:00:00','dddd',NULL,NULL,0,'public/assets/uploads/images/2017/08/studioapp_up_1503040190.jpg',NULL,NULL,0,25.3755313303336,68.3493281900883,'public/assets/uploads/coverimages/2017/08/studioapp_up_1503040586.png',NULL,0,'iphone','',NULL,NULL),(408,'Gexton','','info@gexton.com','$2y$10$Jknj1lyFEPtyzjEuJA9WiealpZ8ZJRj82x.x7tCunE5TZp8cBR4L2','923018222720','','studio_user','2017-09-14 13:38:06','0000-00-00 00:00:00','',NULL,NULL,0,NULL,NULL,NULL,0,NULL,NULL,NULL,NULL,0,'iphone','',NULL,NULL),(413,'beautify','beautify','saddam.hussain1992@yahoo.com','$2y$10$YI6f.rHI1jgAKYhIN.d09OWJkt2rK1hzLH8bANKFvgLkL35IMDRKu','12312312','Abercrombie Street, Darlington, New South Wales, Australia','studio_user','2017-09-14 13:38:06','0000-00-00 00:00:00','',NULL,NULL,0,'public/assets/uploads/images/2017/08/studioapp_up_1503073926.',NULL,NULL,0,-33.8916931,151.19401059999996,NULL,NULL,0,'iphone','',NULL,NULL),(415,'My New','mynew','new@yopmail.com','$2y$10$5gshpaeM2cGSNri.6z/EA.f3mwYN9MSUWaGFJLObDrcRn.ynZJpgq','123456789','AH2, Hyderabad, Pakistan','studio_user','2017-09-27 09:07:21','0000-00-00 00:00:00','fpRIQJDOKV4:APA91bEG-GShTXxFTOPFv7DLZMhtOCBazTbseWKjS6R-tro0zc2P9Z5MDZH8W3knxEh4uOyt_7vJm2_t-1IqyA_3shb6lb4hy-KQrL1OTYqKITfr8wAw02S6KmUWivXP2pMe_lKIkW01',NULL,NULL,0,'public/assets/uploads/images/2017/08/studioapp_up_1503063622.jpg',NULL,NULL,0,25.3795311273581,68.3327015116811,'public/assets/uploads/coverimages/2017/08/studioapp_up_1504089079.png',NULL,1,'iphone','','[\"dFvLsG5mHlSU205RAAAB\",\"Q49i-AEpEcERC5ryAAAN\",\"Q49i-AEpEcERC5ryAAAN\",\"NE6MTxT9unfd8VrQAAAZ\",\"CPb4YJQaDClwt38JAAAX\",\"HFvCOdztazuXdmb7AAAk\",\"QynMah_2h1GukpGdAABw\",\"GfJGiOwXkrG07X32AAAB\",\"ghG-PUBB8bJvibsTAAAe\",\"B5v7IGDKACA4PCjyAAAf\",\"H2enNshPY1vT0IhkAAAB\",\"VEG9-EJ3VERKOAN_AABL\"]',NULL),(416,'aqii','','sami19903217@gmail.com','$2y$10$jmMEFo8M/XcZ37xG/KenXeodbalMzAFjwiL7imRiT.6T6nQ9Tod8W','57887','','studio_user','2017-08-18 14:36:14','0000-00-00 00:00:00','756',NULL,NULL,0,NULL,NULL,NULL,0,NULL,NULL,NULL,NULL,0,'iphone','',NULL,NULL),(417,'aqii','','hh@yopmail.com','$2y$10$K85hUM/nxfrSN7DDg/satOEghg18LJArV5EZLNhnA7RAdYb/PEf46','57887','','studio_user','2017-08-18 14:37:52','0000-00-00 00:00:00','825',NULL,NULL,0,NULL,NULL,NULL,0,NULL,NULL,NULL,NULL,0,'android','',NULL,NULL),(420,'the studio','studio','aa@yopmail.com','$2y$10$uZWARs22gPtgsGF8dp943OpU.lWMrLkvWZv5Xok2JcGr5mbzUQok.','32423423','SS Ayrfield Shipwreck, Wentworth Point, New South Wales, Australia','studio_user','2017-09-14 13:38:06','0000-00-00 00:00:00','',NULL,NULL,0,'public/assets/uploads/images/2017/08/studioapp_up_1503298181.',NULL,NULL,0,-33.8332204,151.07671559999994,NULL,NULL,0,'iphone','',NULL,NULL),(421,'John Faraday','John from','john@yopmail.com','$2y$10$najEsjrtoeuuBZ87LOBf5Ol75MVeIqTGRDaY08HQrhCwE4aX5maNu','1234567','AH2, Hyderabad, Pakistan','freelancer','2017-09-22 13:09:11','0000-00-00 00:00:00','',NULL,NULL,0,'public/assets/uploads/images/2017/08/studioapp_up_1503391761.jpg',NULL,NULL,0,25.3997716308761,68.3529411256313,'public/assets/uploads/coverimages/2017/08/studioapp_up_1503308598.png',3,0,'iphone','','[\"sFThn3XpJNei4EXJAAAI\",\"uHbSUH_NTzcYtt7wAAAE\"]',NULL),(425,'tony','tony','info@p-b-v.ch','$2y$10$BoLyZvbqvIxS9EyAJEXpLehuECe/X.AioC748ouamyZybJC4mCRDC','0763442284','Schatzackerstrasse 72, 8303 Bassersdorf, Schweiz','normal_user','2017-08-31 08:43:14','0000-00-00 00:00:00','123',NULL,NULL,0,'public/assets/uploads/images/2017/08/studioapp_up_1503387553.jpg',NULL,NULL,0,47.4410182314232,8.63835923373699,'public/assets/uploads/coverimages/2017/08/studioapp_up_1503387914.png',NULL,0,'iphone','',NULL,NULL),(426,'Ahmed Ali','Ahmed','ahmed@yopmail.com','$2y$10$WvpI.96Bg5WNFYaowGDEo.l21eleqxqoImS1M8A9EQr5T53S2maMO','12345678','???? ??? ???, Hyderabad, Pakistan','normal_user','2017-08-22 08:48:43','0000-00-00 00:00:00','123',NULL,NULL,0,'public/assets/uploads/images/2017/08/studioapp_up_1503391723.jpg',NULL,NULL,0,25.3864180772534,68.3244268968701,'public/assets/uploads/coverimages/2017/08/studioapp_up_1503391700.png',NULL,0,'iphone','',NULL,NULL),(427,'tony2','','a.peterson@gmx.ch','$2y$10$nTU8kYw1M308tkw.X2hcsedvR.81t4fDA7nFvIZr2uAlyU0cHZEYa','121346155','','normal_user','2017-08-22 10:33:36','0000-00-00 00:00:00','123',NULL,NULL,0,NULL,NULL,NULL,0,NULL,NULL,NULL,NULL,0,'iphone','',NULL,NULL),(438,'Minhaj Studio','','mminhaj@yopmail.com','$2y$10$97fco7RtfVWdWIyCpadpX.TT5CYK1a/sCHdCmjAOCjS6Q/fyq6tqm','03213961278','','studio_user','2017-09-26 11:06:20','0000-00-00 00:00:00','a1312svcxbertwersdfasdfasdfasdfasdfasdfasdfasdfaewqrwerxcvz',NULL,NULL,0,NULL,NULL,NULL,0,NULL,NULL,NULL,3,0,'Android','',NULL,NULL),(439,'Staff 1','st1','st1@yopmail.com','$2y$10$xrKYealckjZehVnTUb9i0.jCzH8ftES6gfZ4dG2hMWqN2qWEdtIRC','2222222','Block-A, Defence Plaza Thandi Sarak, Hyderabad, Pakistan','normal_user','2017-09-26 11:04:48','0000-00-00 00:00:00','cu4PwNoYR0k:APA91bGg8P3vwHkALJ6vHdNMn2K4LG-qpvFa2aV-3Rq1Z42dHM_ctZZYtyB5Bzea4m50nOmUO5ZAL76ZzcHFF5L-dLjsJqrf_HiVSWjhlbLGX6z3gwDg6QFe4b2qfAXOMDTNpSNhq-st',NULL,NULL,0,'public/assets/uploads/images/2017/08/studioapp_up_1503477082.jpg',NULL,NULL,0,25.3803941379859,68.3550292253494,NULL,NULL,1,'iphone','','[\"bJxi16fOFoGErAv4AAAF\",\"1xzTW5UATAhje1eYAAAA\"]',NULL),(444,'gexton studio','','gexx@yopmail.com','$2y$10$H96wxiJ2AEsMEJR0A4BCjergiCkiKL3mVJcp8NZIvQ.1QiWgKqCmm','2355','','studio_user','2017-08-23 13:28:46','0000-00-00 00:00:00','a1312svcxbertwersdfasdfasdfasdfasdfasdfasdfasdfaewqrwerxcvz',NULL,NULL,0,NULL,NULL,NULL,0,NULL,NULL,NULL,NULL,0,'Android','',NULL,NULL),(445,'hyd studi','','gex@yahoo.com','$2y$10$/w1iPzGSy5hLVaTz0lQ.8.ayBntGFFkfRrFPvBc6IcZRMkBj4EpcS','66','','studio_user','2017-08-23 13:30:55','0000-00-00 00:00:00','a1312svcxbertwersdfasdfasdfasdfasdfasdfasdfasdfaewqrwerxcvz',NULL,NULL,0,NULL,NULL,NULL,0,NULL,NULL,NULL,NULL,0,'Android','',NULL,NULL),(447,'gex studio','','sminhajali5693@gmail.com','$2y$10$Z47Dn8QVmVPxOAoZxOktGOrFXVrXUNGOHJdQR6p8JpaKEj6WFPdQu','666','','studio_user','2017-08-23 13:32:33','0000-00-00 00:00:00','a1312svcxbertwersdfasdfasdfasdfasdfasdfasdfasdfaewqrwerxcvz',NULL,NULL,0,NULL,NULL,NULL,0,NULL,NULL,NULL,NULL,0,'Android','',NULL,NULL),(448,'gex studio','gghh','ggex@yopmail.com','$2y$10$Uj3ZGdLD/kvLolROE9YKlOj4T5WIpp8gbBTb2fv4eMQrXFdIiuYse','666','Nguigmi, Niger,Niger','studio_user','2017-08-23 13:33:28','0000-00-00 00:00:00','a1312svcxbertwersdfasdfasdfasdfasdfasdfasdfasdfaewqrwerxcvz',NULL,NULL,0,'public/assets/uploads/images/2017/08/studioapp_up_1503495208.jpg',NULL,NULL,0,15.158547760735441,12.184948325157166,NULL,NULL,0,'Android','',NULL,NULL),(450,'Staff Member2','st2','st2@yopmail.com','$2y$10$u5i1JIOy/r8IEysdzg6DLeoEDWn46LU2p4kK1o1TVYz5SUQc2RQu2','123456789','Akhtar Malik Rd, Hyderabad, Pakistan','normal_user','2017-09-11 11:49:43','0000-00-00 00:00:00','fop_KpYgFpA:APA91bGGOGVLkUw0faTorGXBcP1wfFES9duZnbwoGOc2nor0gG1_bUVq8aVwoh0_u4a96zYRmULerYDGpxeErbwC6EqzJgeq8TVaIgPaYEVMJdZTQRgRDcWrOcVPZakk8k69EbHRoHH3',NULL,NULL,0,'public/assets/uploads/images/2017/08/studioapp_up_1503577716.jpg',NULL,NULL,0,25.3913286058085,68.3499715849757,NULL,NULL,1,'android','',NULL,NULL),(451,'Staff 3','st3','st3@yopmail.com','$2y$10$i0iSSnBI1uOP.sw90jQcXuCIIG13lHA3W1Lz8j6HE3dbJszZjxXXS','123453456','','normal_user','2017-08-24 12:37:51','0000-00-00 00:00:00','cBwwo8hN7hk:APA91bHCOZk9W36cjnta451YeCmgbz33RwN15MTO7-K5aPNIuqRejuPdUFzzrd3IxQQ3wfdlwOfti8PAwUrBC6x0D5KGVf2zdgfeCUxbUAyqu222-pOUrA-lu-58ylqzgKtqwt5nCZKa',NULL,NULL,0,'public/assets/uploads/images/2017/08/studioapp_up_1503578271.jpg',NULL,NULL,0,NULL,NULL,NULL,NULL,0,'iphone','',NULL,NULL),(454,'tony','','info@tony-peterson.ch','$2y$10$FCouKB4ayHvbxLfgZYfz.u88oytq.XLfwTYtK0trjjdj7laHkkukW','0762131812','','normal_user','2017-08-24 15:01:21','0000-00-00 00:00:00','1234567890',NULL,NULL,0,NULL,NULL,NULL,0,NULL,NULL,NULL,NULL,0,'android','',NULL,NULL),(456,'tony','','tony@ora-ladenbau.ch','$2y$10$OBDumKwiqoXug5k9VeSF1uSeMU8DjMWKjnK8aNksn2Fh6JkW.EBIK','0762131812','','normal_user','2017-08-24 15:03:04','0000-00-00 00:00:00','1234567890',NULL,NULL,0,NULL,NULL,NULL,0,NULL,NULL,NULL,NULL,0,'android','',NULL,NULL),(458,'tony','','info@ap-textil.ch','$2y$10$aAikRxQWyTF50WIXKiDFm.o7Uiie5oN1tbXO7k3AbFh3mW6m9zvQ6','0762131812','','normal_user','2017-08-24 15:24:16','0000-00-00 00:00:00','1234567890',NULL,NULL,0,NULL,NULL,NULL,0,NULL,NULL,'public/assets/uploads/coverimages/2017/08/studioapp_up_1503587453.png',NULL,0,'android','',NULL,NULL),(461,'sami ahmed khan','','samikhan199017@yopmail.com','$2y$10$utEzjw9q/DbMf/tYOwkJYOoILdoDDGWXdKinmF7aNcYAJIXzHlrdW','03083790155','','normal_user','2017-08-25 06:30:08','0000-00-00 00:00:00','1234567890',NULL,NULL,0,NULL,NULL,NULL,0,NULL,NULL,NULL,NULL,0,'android','',NULL,NULL),(463,'sunny','','afh@yopmail.com','$2y$10$BTx3VQHSbnSeJhHAjApNL.Hhw2fMwRTrWiaD/CtNQ6B0qr77E/fsK','123456789','','normal_user','2017-08-25 07:51:16','0000-00-00 00:00:00','1234567890',NULL,NULL,0,NULL,NULL,NULL,0,NULL,NULL,NULL,NULL,0,'android','',NULL,NULL),(466,'aqii','','ted.wok@gmx.ch','$2y$10$GPoUe2wrE4b7sm5iRESB7.OQqFNAyoxgF0t2VL5u9tqw1O0fqz212','57887','','studio_user','2017-08-28 12:41:04','0000-00-00 00:00:00','756',NULL,NULL,0,NULL,NULL,NULL,0,NULL,NULL,NULL,NULL,0,'iphone','',NULL,NULL),(467,'aqii','','junaid.amin@gexton.com','$2y$10$2SFY6Iwv3WmE3gf4VXkOp.3iWO1NooYTIGEorZdw.tITVgNadoLoi','57887','','studio_user','2017-08-28 12:44:09','0000-00-00 00:00:00','756',NULL,NULL,0,NULL,NULL,NULL,0,NULL,NULL,NULL,NULL,0,'iphone','',NULL,NULL),(468,'dummy','','dummy@yopmail.com','$2y$10$zaHyRN/n8GPqOiJXrnoI3e/SMUMLPhyL9G5wz7mEBX5UbKgbT.2S.','12345678','','freelancer','2017-08-28 12:45:51','0000-00-00 00:00:00','dddd',NULL,NULL,0,NULL,NULL,NULL,0,NULL,NULL,NULL,NULL,0,'iphone','',NULL,NULL),(469,'asad','asadios','asad1@yopmail.com','$2y$10$mxxlhYtxRpqQ9ZFNVagey.ZQ2ig/uZKtRbZ0Ru6wvEd1IxBEpldHa','03335656565665','','normal_user','2017-09-12 11:38:25','0000-00-00 00:00:00','c4J3Jwkq-YI:APA91bG0fW9MMytHayvExZfjOycCYiQcUBqNms8i0doPMAITP_B4XoUtOoZcHEgOn6hcwgCQENE18x0c0dvnT2Q-UFHntv8T8TJXhWHuv1hMU0rClnPDPT-K3AbznC0nWV2cpL2fnGd5',NULL,NULL,0,'public/assets/uploads/images/2017/08/studioapp_up_1504164364.jpg',NULL,NULL,0,39.8814009402487,-102.841545045376,NULL,NULL,1,'android','','[\"llwT0llZ-NbuBu5JAACu\"]',NULL),(470,'Staff Member 4','st4','st4@yopmail.com','$2y$10$w5ob7mPqWc6JfTjQeFS1WuZghQoTnNdRI4bYxpgSSCy3MFyT28nvm','12341234243','Auto Bhan Rd, Hyderabad, Pakistan','normal_user','2017-09-15 10:53:15','0000-00-00 00:00:00','cSqEdkKsYc8:APA91bE_5aHrGm7MDqPZYSLqCoL3H2OI518OMc5W872ecwmQEXKdWliDQldRxpsktM_ly3gxj6ZLRI9hOMBa7WHCFd5b-mZo68HsdPYnnW2clduh1HpG_HjRXdFN8lIPnE1WvFV0xGbI',NULL,NULL,0,'public/assets/uploads/images/2017/08/studioapp_up_1503995681.jpg',NULL,NULL,0,25.3788834866907,68.3752862736583,NULL,NULL,0,'iphone','','[\"7yTOsH-E6SLbsMmOAABB\"]',NULL),(471,'perfect art','perfect art','my@yopmail.com','$2y$10$qmmUH3./5Mgreku.2IW4Subwh1uVbFK14HKHjwYYD7g6mbpqM9wnG','12346','G.O.R Colony Rd, Hyderabad, Pakistan','studio_user','2017-08-30 12:08:25','0000-00-00 00:00:00','eUTA3e0ch4U:APA91bF4YKgvSn28AsVgPDGZmE771qvz2ZdHI_vRFSvpVcIXHI3d2OmfrBq5XMvVYinDM4upVBVzG4ge_3tEFjMmerqvtyVtmckb7ukdgp3piV-z1pxGKRrr3UId3i1uRQ6poJ0IWW2n',NULL,NULL,0,'public/assets/uploads/images/2017/08/studioapp_up_1504093295.jpg',NULL,NULL,0,25.377430069034,68.3501563221216,NULL,NULL,1,'iphone','',NULL,NULL),(472,'hsgsg','','hhb@yahoo.com','$2y$10$/GtaqopJqKE6iPYqTgIX9uDUaJgrL8l/xt6vSIM1Q9h9jPoxtKS6q','88784','','studio_user','2017-08-31 08:51:47','0000-00-00 00:00:00','cjqS-osiGtc:APA91bGgzHnmD32GfjwnFP-DYH8Rbgo8Iy47_PuapgEOzj7bTkTgeuA8MGZ6AjvBcWHHRXmfIyz5RMny3bjIlejtEfblQefEAD7onUF4sAG4he9XmBfwz6o_HQnbrAaj7szlLf6Es3Mo',NULL,NULL,0,NULL,NULL,NULL,0,NULL,NULL,NULL,NULL,0,'iphone','',NULL,NULL),(473,'hsgsg','shah','hhb@yopmail.com','$2y$10$Oxzay2T/W7LLHHx8F.Vz0.yJI.MgTylp8d5kxcFPgQNYZVn9YhHme','88784','Thandi Sarak, Hyderabad, Pakistan','studio_user','2017-08-31 10:01:56','0000-00-00 00:00:00','cjqS-osiGtc:APA91bGgzHnmD32GfjwnFP-DYH8Rbgo8Iy47_PuapgEOzj7bTkTgeuA8MGZ6AjvBcWHHRXmfIyz5RMny3bjIlejtEfblQefEAD7onUF4sAG4he9XmBfwz6o_HQnbrAaj7szlLf6Es3Mo',NULL,NULL,0,'public/assets/uploads/images/2017/08/studioapp_up_1504173716.jpg',NULL,NULL,0,25.3844080105465,68.3470680937171,NULL,NULL,0,'iphone','',NULL,NULL),(474,'mminhaj','','jjohn@yopmail.com','$2y$10$VfrRamUfdOL3qN4AdzqQy.W8RdCkJIUiZV/YNGAFsqLFrhLFfvkF2','685678','','','2017-08-31 08:53:48','0000-00-00 00:00:00','a1312svcxbertwersdfasdfasdfasdfasdfasdfasdfasdfaewqrwerxcvz',NULL,NULL,0,NULL,NULL,NULL,0,NULL,NULL,NULL,NULL,0,'Android','',NULL,NULL),(475,'hallo','hallo','1984-cv@gmx.ch','$2y$10$7pR6Lsl2jZ4rfHHhWwxDsuENcS4/EIr8DgkrSW8hTJH4URc4Q63KW','464313646','Schatzackerstrasse 72, 8303 Bassersdorf, Schweiz','normal_user','2017-09-22 14:39:11','0000-00-00 00:00:00','f9fXWsd_6zY:APA91bEP-2loRSQlZrhCCsI5akvtPB_6F_uGW9T5E26tg3ZbWJrkkwFk5_fcrdWl0_5ESNN1WjjWYkEPrd3YA953kDPhWzUb4-05VbT1j3fSRZASug-NoB-Rzk2fuJTNaR1mYMU7Xu7K',NULL,NULL,0,'public/assets/uploads/images/2017/08/studioapp_up_1504170423.jpg',NULL,NULL,0,47.4410182314232,8.63835923373699,'public/assets/uploads/coverimages/2017/08/studioapp_up_1504170533.png',NULL,0,'iphone','',NULL,NULL),(476,'asdf','','kkali@yopmail.com','$2y$10$gjNIlxNUdxqJ.Ie/ICUWtOo39zoEw0Jc03r6Ynsm0gFKfBPb6c9/G','12312312','','','2017-08-31 09:01:58','0000-00-00 00:00:00','a1312svcxbertwersdfasdfasdfasdfasdfasdfasdfasdfaewqrwerxcvz',NULL,NULL,0,NULL,NULL,NULL,0,NULL,NULL,NULL,NULL,0,'Android','',NULL,NULL),(477,'mminhaj','','kkkali@yopmail.com','$2y$10$V9dyulCwLeOaJXqXOAY.COl1sNW359OjYrVx9HT4/d4icSD7zTjjq','12341231','','','2017-09-26 11:05:31','0000-00-00 00:00:00','a1312svcxbertwersdfasdfasdfasdfasdfasdfasdfasdfaewqrwerxcvz',NULL,NULL,0,NULL,NULL,NULL,0,NULL,NULL,NULL,3,0,'Android','',NULL,NULL),(479,'asdf','','iioi@yopmail.com','$2y$10$tlPNGhKJ5/n2SsMObvTWdOGscxdvMwLM5A06AzyLjUf9bgwJ7ZVBW','1234','','','2017-08-31 09:41:45','0000-00-00 00:00:00','a1312svcxbertwersdfasdfasdfasdfasdfasdfasdfasdfaewqrwerxcvz',NULL,NULL,0,NULL,NULL,NULL,0,NULL,NULL,NULL,NULL,0,'Android','',NULL,NULL),(480,'asdf','','asdfa@yopmail.com','$2y$10$Te0Mad1j7VCV6sTSRAErq.L6VOCRrZYepI2NWxL75ZaKPXN382x9K','2733','','studio_user','2017-08-31 09:42:49','0000-00-00 00:00:00','a1312svcxbertwersdfasdfasdfasdfasdfasdfasdfasdfaewqrwerxcvz',NULL,NULL,0,NULL,NULL,NULL,0,NULL,NULL,NULL,NULL,0,'Android','',NULL,NULL),(481,'minhaj','','mmn@yopmail.com','$2y$10$1IumZdZTGCB6E6MCwA9ysO5xDB14hT8lSatxkJ7Mc/gSEvJiMurfm','15454','','studio_user','2017-08-31 09:55:21','0000-00-00 00:00:00','a1312svcxbertwersdfasdfasdfasdfasdfasdfasdfasdfaewqrwerxcvz',NULL,NULL,0,NULL,NULL,NULL,0,NULL,NULL,NULL,NULL,0,'Android','',NULL,NULL),(482,'kkli','','kkli@yopmail.com','$2y$10$o5iZtjEoDfMEFD1WxQd1YOA9OhZVkzyYq9B7fVzljLp23oZWatadO','12312','','studio_user','2017-08-31 10:00:16','0000-00-00 00:00:00','a1312svcxbertwersdfasdfasdfasdfasdfasdfasdfasdfaewqrwerxcvz',NULL,NULL,0,NULL,NULL,NULL,0,NULL,NULL,NULL,NULL,0,'Android','',NULL,NULL),(483,'mm','mmali','mmna@yopmail.com','$2y$10$peBRXyv5nwxPMyVNuCwM3uHRqTYVZ4nKjWrtsiAGz6H6cJWeF6xtC','5959549','Tchirozerine, Niger,Niger','studio_user','2017-08-31 10:10:10','0000-00-00 00:00:00','a1312svcxbertwersdfasdfasdfasdfasdfasdfasdfasdfaewqrwerxcvz',NULL,NULL,0,'public/assets/uploads/images/2017/08/studioapp_up_1504174210.jpg',NULL,NULL,0,16.935006874491005,8.518668338656425,NULL,NULL,0,'Android','',NULL,NULL),(484,'popp','hhj','pop@yopmail.com','$2y$10$DDqJUntPAgIlvrAB3C6i/ud0c2nXcJkH0CffMl4atZrKCihcOSI/G','6355','Bourem, Mali,Mali','studio_user','2017-08-31 10:26:12','0000-00-00 00:00:00','a1312svcxbertwersdfasdfasdfasdfasdfasdfasdfasdfaewqrwerxcvz',NULL,NULL,0,'public/assets/uploads/images/2017/08/studioapp_up_1504175172.jpg',NULL,NULL,0,18.592175422653263,0.19633769989013672,NULL,NULL,0,'Android','',NULL,NULL),(485,'yet','hhh','gh@yopmail.com','$2y$10$SfabEJar4fSxRN9dnD7L4uTKMo3p3lEICgfgLIxrka5nBPMyxiIUu','123','Unnamed Road, Niger,Niger','studio_user','2017-08-31 10:31:07','0000-00-00 00:00:00','a1312svcxbertwersdfasdfasdfasdfasdfasdfasdfasdfaewqrwerxcvz',NULL,NULL,0,'public/assets/uploads/images/2017/08/studioapp_up_1504175467.jpg',NULL,NULL,0,12.995023820016671,9.65599000453949,NULL,NULL,0,'Android','',NULL,NULL),(486,'hjk','','ooi@yopmail.co.','$2y$10$YySmlV6W118uVUDJzlyhzuuu.f6bS8s4smPKKviFvms/cm732B1we','158','','studio_user','2017-08-31 10:36:06','0000-00-00 00:00:00','a1312svcxbertwersdfasdfasdfasdfasdfasdfasdfasdfaewqrwerxcvz',NULL,NULL,0,NULL,NULL,NULL,0,NULL,NULL,NULL,NULL,0,'Android','',NULL,NULL),(487,'hjk','','ooyi@yopmail.co.','$2y$10$/EkydzguqEONYKEV.NXoF.5J5R8bSJqrTtRZ9CotIYESpqNKuLpsi','158','','studio_user','2017-08-31 10:36:21','0000-00-00 00:00:00','a1312svcxbertwersdfasdfasdfasdfasdfasdfasdfasdfaewqrwerxcvz',NULL,NULL,0,NULL,NULL,NULL,0,NULL,NULL,NULL,NULL,0,'Android','',NULL,NULL),(488,'hjk','zzs','ooyi@yopmail.com','$2y$10$KBIeY6pKjqH1xHL0RxCw/uc2MyqFLIK0StHJb2xszDA40nWimsvhG','158','Goure, Niger,Niger','studio_user','2017-08-31 10:36:55','0000-00-00 00:00:00','a1312svcxbertwersdfasdfasdfasdfasdfasdfasdfasdfaewqrwerxcvz',NULL,NULL,0,'public/assets/uploads/images/2017/08/studioapp_up_1504175815.jpg',NULL,NULL,0,16.024046058184357,9.541041254997253,NULL,NULL,0,'Android','',NULL,NULL),(489,'msjs','ssbhs','snsj@yopmail.com','$2y$10$2mV/JvHRS/jYmVM90vEmDOYlssjT2YLsJ2NpqDGtQXtxVXGa/N.9a','444','Nguigmi, Niger,Niger','studio_user','2017-08-31 10:45:28','0000-00-00 00:00:00','a1312svcxbertwersdfasdfasdfasdfasdfasdfasdfasdfaewqrwerxcvz',NULL,NULL,0,'public/assets/uploads/images/2017/08/studioapp_up_1504176328.jpg',NULL,NULL,0,16.690553748119708,12.529805302619934,NULL,NULL,0,'Android','',NULL,NULL),(490,'zvgs','sbsh','shwhw@yahoo.com','$2y$10$kvdfTgYgsBjF6aVz6VDcQu14vFLyrHom6W7wvlLxoqfhwJr3zC/Im','64949','Unnamed Road, Nigeria,Nigeria','freelancer','2017-08-31 10:47:49','0000-00-00 00:00:00','a1312svcxbertwersdfasdfasdfasdfasdfasdfasdfasdfaewqrwerxcvz',NULL,NULL,0,'public/assets/uploads/images/2017/08/studioapp_up_1504176468.jpg',NULL,NULL,0,12.48798249574223,9.65599536895752,NULL,NULL,0,'Android','',NULL,NULL),(491,'jkl','hgha','jkli@yopmail.com','$2y$10$sSIXtuBnikp848BpVKiGx.0J.4DvC655pT.nUwS288uhhJY27zmt2','48584','Abalessa, Algeria,Algeria','studio_user','2017-08-31 10:52:21','0000-00-00 00:00:00','a1312svcxbertwersdfasdfasdfasdfasdfasdfasdfasdfaewqrwerxcvz',NULL,NULL,0,'public/assets/uploads/images/2017/08/studioapp_up_1504176741.jpg',NULL,NULL,0,21.052412808688896,4.368191957473755,NULL,NULL,0,'Android','',NULL,NULL),(492,'Bhai Bhai','','bahi@yopmail.com','$2y$10$tJwPNeCl9SPSWRKlACUECer8i7Lv3BhRlzpAu484pc5q6P9FtMPJG','','','normal_user','2017-09-05 10:49:58','0000-00-00 00:00:00','756',NULL,NULL,0,NULL,NULL,NULL,0,NULL,NULL,NULL,NULL,0,'iphone','',NULL,NULL),(493,'Samir','Samir','samir@gmail.com','$2y$10$qJfip7LzjPv1zxGPdshMb.LnYMofldxkVDMKByhmO2R.Vwrl4x1IO','123','','normal_user','2017-09-05 12:39:39','0000-00-00 00:00:00','464565',NULL,NULL,0,'public/assets/uploads/images/2017/09/studioapp_up_1504612737.jpg',NULL,NULL,0,0,0,NULL,NULL,1,'android','',NULL,NULL),(494,'Afzal','afzal','afzal@yopmail.com','$2y$10$yS.SKho9m27eaWKJrZmWQOXK99BOw/VWBnYSxy.GLECpkaW8BRZa6','12346','','normal_user','2017-09-05 12:04:00','0000-00-00 00:00:00','d4onw-cGoJw:APA91bH6ypQQ_EvzwoOnIWel-PGPXn2TyNzP31VAOvsBeTyutUhLLwJcKVrwDl7ONZGSyYHJKrXO0VA3DoKkBjJXyNBbfWqnv-9HP7nwMAAOyylHSnOaBOLz2cCRyI4vyDDLYQQlAwcn',NULL,NULL,0,'public/assets/uploads/images/2017/09/studioapp_up_1504612892.jpg',NULL,NULL,0,0,0,NULL,NULL,0,'iphone','',NULL,NULL),(495,'John Kali','','johnkali@yopmail.com','$2y$10$.aXCf2vgLvv.I4U2y8g6POavxYOyxNZ39xP.6DTsX0bBC5ZNxx39S',NULL,'','normal_user','2017-09-13 05:26:05','0000-00-00 00:00:00','eLsB5O_YF24:APA91bGqdz-6rVB9ZeyDzeD9buU7nc0JgY6q1p1TM1t_ogjWmm7J3OwkJ7pUQYphXKCM8-MJmEe_1y33048vgnT6HySfKlDqYNWugcKtwHZ3bM6V2B3XELMoMS5wnNeprV0zcptq4A6H',NULL,NULL,0,'public/assets/uploads/images/2017/09/studioapp_up_1504614105.jpg',NULL,NULL,0,NULL,NULL,NULL,NULL,1,'iphone','',NULL,NULL),(498,'Syed Maaz Ali','','syedmaazali005@gmail.com','$2y$10$.gtPY1ptLBXUVICk5myYyO2BLok1oAEVgYg1uthfbQkf1/rEPVIZm','','','normal_user','2017-09-06 08:58:01','0000-00-00 00:00:00',NULL,NULL,NULL,0,NULL,NULL,NULL,0,NULL,NULL,NULL,NULL,1,'web','',NULL,NULL),(499,'asad2','','asad2@yopmail.com','$2y$10$ZBXqYPo8ItruhYV57IwE5uguEaroyA1zVRHhvSQHpTzczBnBa4U.6',NULL,'','normal_user','2017-09-07 11:48:18','0000-00-00 00:00:00','e8pYUlPZGBw:APA91bGszZrJLwyhW-vFcy5-dgmBR94qkn0NKx6vkS6RmCvJyLK7AvGuwhqljZkzIOfg3oDI2siGpWg3P34WQVJiX_DrkYR4stRnjisVg6m7BlymTn2JIVp0wb2Bw0-fPEvayG2ONe4F',NULL,NULL,0,NULL,NULL,NULL,0,NULL,NULL,NULL,NULL,0,'android','',NULL,NULL),(500,'vv','','bbbb','$2y$10$ZPaCWRT40MVZU17X5TMTCOtR9xSCsWbcgyTAlXpNNPY5bcNSpt9S2','','','freelancer','2017-09-12 21:46:28','0000-00-00 00:00:00','a1312svcxbertwersdfasdfasdfasdfasdfasdfasdfasdfaewqrwerxcvz',NULL,NULL,0,NULL,NULL,NULL,0,NULL,NULL,NULL,NULL,0,'Android','',NULL,'Europe/Tallinn'),(501,'vvsbshahahha','','bbbb@yahoo.com','$2y$10$qA0gCXsLUtQi0q3XxrzU5uR7b.ag8FuuWDfgPslve2YfiCTBNa1uO','','','freelancer','2017-09-12 21:46:15','0000-00-00 00:00:00','a1312svcxbertwersdfasdfasdfasdfasdfasdfasdfasdfaewqrwerxcvz',NULL,NULL,0,NULL,NULL,NULL,0,NULL,NULL,NULL,NULL,0,'Android','',NULL,'Europe/Rome'),(502,'microsoft','','micro@yopmail.com','$2y$10$BEq/pm8MKUwLzCom2tjEVeBJRZVRHfb.M59G/ECeglOz8nOIDLIqW','','','studio_user','2017-09-12 21:46:02','0000-00-00 00:00:00','a1312svcxbertwersdfasdfasdfasdfasdfasdfasdfasdfaewqrwerxcvz',NULL,NULL,0,NULL,NULL,NULL,0,NULL,NULL,'public/assets/uploads/coverimages/2017/09/studioapp_up_1504855744.png',NULL,1,'Android','',NULL,'Asia/Colombo'),(503,'tplink','','tplink@yopmail.com','$2y$10$Sj2.0CLE/.rdTwsSiwesEeXzXxh9Wp8I.rJDTA6wyJ/qvfAIdtDW6','','','studio_user','2017-09-12 21:45:36','0000-00-00 00:00:00',NULL,NULL,NULL,0,NULL,NULL,NULL,0,NULL,NULL,NULL,NULL,0,'web','',NULL,'America/Dominica'),(504,'gex','','gex@yopmail.com','$2y$10$3jQtpRFX87FzxgJP5JATJuckBUfkYjuJT59Gb4ZFOOdH5rQpu43tW','','','studio_user','2017-09-12 21:45:26','0000-00-00 00:00:00',NULL,NULL,NULL,0,NULL,NULL,NULL,0,NULL,NULL,NULL,NULL,1,'web','',NULL,'America/Costa_Rica'),(505,'Studio Name','','adsasadsa70@gmail.com','$2y$10$JKWlvmHajrxiPZxTtmv9vOAtvgCQipMQXfE0g9OxLAkO/e3yk.v9C','','','studio_user','2017-09-12 21:44:49','0000-00-00 00:00:00',NULL,NULL,NULL,0,NULL,NULL,NULL,0,NULL,NULL,NULL,NULL,1,'web','',NULL,'Asia/Jerusalem'),(506,'aaa','bbb','aa@aa.com','$2y$10$3Vwgge6coIAp0RUFA3IZW.kigyJFj8PaQ4qE4wqr3huy/p7nZBi4m','0321','Qesm Al Wahat Ad Dakhlah, New Valley Governorate, Egypt,Egypt','studio_user','2017-09-12 21:44:38','0000-00-00 00:00:00','a1312svcxbertwersdfasdfasdfasdfasdfasdfasdfasdfaewqrwerxcvz',NULL,NULL,0,'public/assets/uploads/images/2017/09/studioapp_up_1504855509.jpg',NULL,NULL,0,27.03042060087673,29.197888970375065,NULL,NULL,1,'Android','',NULL,'America/Caracas'),(508,'samiahmedkhan','','sami199017@yopmail.com','$2y$10$nqIiOG7wsNqtqgLnnWcNqOvsfcCzvjPSu1h3B7Ds/TIi0MnfCubXm','','','normal_user','2017-09-12 21:44:12','0000-00-00 00:00:00','doMk55hkr7g:APA91bFRYm7dGMAZ2TwAn-sakRFIaLqK9BcNmqMcYZpECntQVE9g2eXNbPHqK1Yr4LPNSQCEgprrfsSgQX8BUJzfkFka84uNKtt4poY8oa9zJnCHf5gRqnjh4fjYtXizPRgT7qQT9w-F',NULL,NULL,0,NULL,NULL,NULL,0,NULL,NULL,NULL,NULL,0,'android','',NULL,'Europe/Paris'),(509,'Fared','','fared@yopmail.com','$2y$10$dFvF654IfeEe7kNXeVRj8.uxdMj6F5LuzW08l7rhf.xm.kp1SUn5G','','','normal_user','2017-09-12 21:44:06','0000-00-00 00:00:00','fop_KpYgFpA:APA91bGGOGVLkUw0faTorGXBcP1wfFES9duZnbwoGOc2nor0gG1_bUVq8aVwoh0_u4a96zYRmULerYDGpxeErbwC6EqzJgeq8TVaIgPaYEVMJdZTQRgRDcWrOcVPZakk8k69EbHRoHH3',NULL,NULL,0,NULL,NULL,NULL,0,NULL,NULL,NULL,NULL,1,'android','','[]','America/Guatemala'),(510,'My New Studio','studio1','studio@yopmail.com','$2y$10$psEN0W1bSCVcB38H95hNf.hGIQ3FqmykLBAcLbEWfp4Dav8UU4hKy','12345678','Stadium Rd, Hyderabad, Pakistan','studio_user','2017-09-15 11:36:20','0000-00-00 00:00:00','c4EOH8j1e5s:APA91bG3BDhmSVMIxUlz0pRqraRwO9W2qJiaPnVrLY3iLZ3_IC5JXPougze-sFpYoMMg3ol70Ba04eDBLgjeo1KxWC4mTaa7vK-pJ5uA5yxt2scIQKu9arfyzrLMbVtLM7dwJV9WXY-v',NULL,NULL,0,'public/assets/uploads/images/2017/09/studioapp_up_1505196179.jpg',NULL,NULL,0,25.3828534875502,68.3382764831185,'public/assets/uploads/coverimages/2017/09/studioapp_up_1505196270.png',3,0,'iphone','','[\"TnBFf9ktBg89ZQ2jAAAp\",\"TlxOiuBPJY128ijMAAAw\",\"_nzwKu631BJKrQk3AAAG\",\"sBldSJr9vLhPZkqeAAAE\",\"WgIh5i-cAFMSjG27AAAE\",\"sDm8S7HP2vOkGr8WAABI\",\"v7qeIwEOzuL3Ll0yAAAQ\"]','Asia/Karachi'),(513,'creation','','creation@yopmail.com','$2y$10$/hWaLTlOV0Pk/8ygJVjcpOJ.HBspwSuChRg72.WochZazRjtJf6Zy','','','studio_user','2017-09-13 14:51:43','0000-00-00 00:00:00','a1312svcxbertwersdfasdfasdfasdfasdfasdfasdfasdfaewqrwerxcvz',NULL,NULL,0,NULL,NULL,NULL,0,NULL,NULL,NULL,NULL,1,'Android','',NULL,NULL),(514,'retouch','','info@trueretouch.com','$2y$10$ImDg2RI7KUPkt6uvDDJJReI0mXQbUDBekQfInHfms2DfsaPtEZ0A.','','','studio_user','2017-09-13 14:51:35','0000-00-00 00:00:00','a1312svcxbertwersdfasdfasdfasdfasdfasdfasdfasdfaewqrwerxcvz',NULL,NULL,0,NULL,NULL,NULL,0,NULL,NULL,NULL,NULL,0,'Android','',NULL,NULL),(518,'edu123456789','','eduminhaj@yopmail.com','$2y$10$zC4H5opsmbQY5qUmW/8Gwuk9OB3PllVKxmP/6LRwTEog4Qt1rDo7y','','','studio_user','2017-09-14 04:45:55','0000-00-00 00:00:00','a1312svcxbertwersdfasdfasdfasdfasdfasdfasdfasdfaewqrwerxcvz',NULL,NULL,0,NULL,NULL,NULL,0,NULL,NULL,NULL,NULL,0,'Android','',NULL,NULL),(521,'edu123456','','edum@yopmail.com','$2y$10$5vLhsocG1.8FQUYqJGQgT.A6EzJSXHm4TahWQcSZqHQOLtGPzXkeO','','','studio_user','2017-09-14 04:47:04','0000-00-00 00:00:00','a1312svcxbertwersdfasdfasdfasdfasdfasdfasdfasdfaewqrwerxcvz',NULL,NULL,0,NULL,NULL,NULL,0,NULL,NULL,NULL,NULL,0,'Android','',NULL,NULL),(522,'eduu123456','','eduuminhaj@yopmail.com','$2y$10$MdI1IXdEspEHSBoHPWg41.qzvLUlQZ5yDIQneEcJ4NOux6fGcFAtu','','','studio_user','2017-09-14 04:47:15','0000-00-00 00:00:00','fXXGcY1L9ao:APA91bEcGLaUi4Knos6qISpwEEAlEePy46IFQtpoytXevmIuiQLQ7zfIpyzL0Xd-Q1EoonACFevy3nRJq7iGPwbKPmmRxkOxurJT0V7C4cPOnC5Qd9BJ1RDbe7IHgMOFmkCCAqw63b1_',NULL,NULL,0,NULL,NULL,NULL,0,NULL,NULL,NULL,NULL,0,'iphone','',NULL,NULL),(523,'edu123456','','subway@yopmail.com','$2y$10$/W72IM.kPCfur4n.vz8qeuUmSnf23VPJxVKg6Tyf31NianUl02bAu','','','studio_user','2017-09-14 04:47:39','0000-00-00 00:00:00','a1312svcxbertwersdfasdfasdfasdfasdfasdfasdfasdfaewqrwerxcvz',NULL,NULL,0,NULL,NULL,NULL,0,NULL,NULL,NULL,NULL,0,'Android','',NULL,NULL),(524,'edu1234678','','edumin@yopmail.com','$2y$10$JbWF06LJhmxDoQBTttcc3unAEIaoP8JpLP3sQV/chPRMRjt4qPiI6','','','studio_user','2017-09-14 04:53:36','0000-00-00 00:00:00','a1312svcxbertwersdfasdfasdfasdfasdfasdfasdfasdfaewqrwerxcvz',NULL,NULL,0,NULL,NULL,NULL,0,NULL,NULL,NULL,NULL,0,'Android','',NULL,NULL),(525,'edu1234678','','edumi@yopmail.com','$2y$10$Ew/W2jSCpb5v/a6WP5u79.PwGttxTs.cBGkhUgUNX7QMgOb73JboW','','','studio_user','2017-09-14 04:53:42','0000-00-00 00:00:00','a1312svcxbertwersdfasdfasdfasdfasdfasdfasdfasdfaewqrwerxcvz',NULL,NULL,0,NULL,NULL,NULL,0,NULL,NULL,NULL,NULL,0,'Android','',NULL,NULL),(528,'aqii','','sami1990787817@gmail.com','$2y$10$SC6xnli1gGl8ZzsjrHaaxeuP/9LhVVtipGLQou9CAC/YjiSShN4a2','','','studio_user','2017-09-14 05:55:37','0000-00-00 00:00:00','464565',NULL,NULL,0,NULL,NULL,NULL,0,NULL,NULL,NULL,NULL,0,'apple','',NULL,NULL),(529,'edu123456','','edu@yopmail.com','$2y$10$rMjSvu.l6jB5btPmD0pPtueJqatBYwqChkK6GrJ30PlcvdmNxWlkG','','','studio_user','2017-09-14 05:55:45','0000-00-00 00:00:00','464565',NULL,NULL,0,NULL,NULL,NULL,0,NULL,NULL,NULL,NULL,0,'apple','',NULL,NULL),(530,'aqii','','sami199045@gmail.com','$2y$10$Qh2CXiAdPfSX2gcq0faB4eZ73nNKFsNPEvgO6QyjLDKnmzQFCDpmS','','','studio_user','2017-09-14 06:18:52','0000-00-00 00:00:00','464565',NULL,NULL,0,NULL,NULL,NULL,0,NULL,NULL,NULL,NULL,0,'apple','',NULL,NULL),(531,'aqii','','sami1990845@gmail.com','$2y$10$bFOK7ZDU/4IOniXFb0aQWe4FqV5SHKHmGxDMe1Q0pK5kVUna1PfBy','','','studio_user','2017-09-14 06:22:41','0000-00-00 00:00:00','464565',NULL,NULL,0,NULL,NULL,NULL,0,NULL,NULL,NULL,NULL,0,'apple','',NULL,NULL),(532,'aqii','','sami1990845@yopmail.com','$2y$10$dFJqLh2tEXfVvVzgYBZpFuDeJ6ae45OAd6pC35aBX5t6KFudY3f8a','','','studio_user','2017-09-14 06:27:13','0000-00-00 00:00:00','464565',NULL,NULL,0,NULL,NULL,NULL,0,NULL,NULL,NULL,NULL,0,'apple','',NULL,NULL),(533,'aqii','','sami1790@yopmail.com','$2y$10$TkP1bF3sab58EKX.Vh8rfu13gR7ENNlMoYAXDI5G2ZBeICd2c0Y7a','','','studio_user','2017-09-14 06:28:17','0000-00-00 00:00:00','464565',NULL,NULL,0,NULL,NULL,NULL,0,NULL,NULL,NULL,NULL,0,'apple','',NULL,NULL),(536,'aqii','','saminew@yopmail.com','$2y$10$FTJKdbf.0/KeVTzVfKLAt.Ibl4W0egF.KhXmw8zmXbOmX2WcU6rMe','','','studio_user','2017-09-14 07:03:09','0000-00-00 00:00:00','464565',NULL,NULL,0,NULL,NULL,NULL,0,NULL,NULL,NULL,NULL,0,'apple','',NULL,NULL),(537,'aqii','','saminew1@yopmail.com','$2y$10$HzwM5IjgDpD.97jzFYQ.AO26U2Xz5Q3c6kyfvyZdr9kuVorMvTGgO','','','studio_user','2017-09-14 07:04:52','0000-00-00 00:00:00','464565',NULL,NULL,0,NULL,NULL,NULL,0,NULL,NULL,NULL,NULL,0,'apple','',NULL,NULL),(538,'create','','create@yopmail.com','$2y$10$tm3Q30eTx3/oBTiRhMR0gObY9us2Y/rsvF3FwgmqXhXFLpjyVvYgW','','','studio_user','2017-09-14 07:07:10','0000-00-00 00:00:00','a1312svcxbertwersdfasdfasdfasdfasdfasdfasdfasdfaewqrwerxcvz',NULL,NULL,0,NULL,NULL,NULL,0,NULL,NULL,NULL,NULL,1,'Android','',NULL,NULL),(539,'aqii','','saminew2@yopmail.com','$2y$10$OL6ydifWHaQ.Xis5zWH1Puvtz0zbuAFOEgvq5R6Gcijz.c6k.7tc.','','','studio_user','2017-09-14 07:07:46','0000-00-00 00:00:00','464565',NULL,NULL,0,NULL,NULL,NULL,0,NULL,NULL,NULL,NULL,0,'apple','',NULL,NULL),(540,'mine','','mine@yopmail.com','$2y$10$35tmmNFcsSxM7trKkZg1kutFJwkBLKBHyCBq42CJM4Zj5DF.F.Cli','','','normal_user','2017-09-14 07:18:16','0000-00-00 00:00:00','ed_cRw7NRhc:APA91bGx-ygJN3S5sXt6gadWiJLW0nWsp6gUZmcioALgey_I7LBOSNrgL2hEl1Yx4xGcBdHEyZjI3NwMlwluk3zRkYZbl0oU6U1QCXTJnz1YQA8X6INPpbOqFEl4DwV8Tt1rZz7IbUed',NULL,NULL,0,NULL,NULL,NULL,0,NULL,NULL,NULL,NULL,0,'android','',NULL,NULL),(541,'m9','','m9@yopmail.com','$2y$10$YNKvAlowFdtlfh0jF8vYMeMtE4fDYWEglTQxkL/SaefBUBpFHVwWS','','','normal_user','2017-09-14 07:19:57','0000-00-00 00:00:00','ed_cRw7NRhc:APA91bGx-ygJN3S5sXt6gadWiJLW0nWsp6gUZmcioALgey_I7LBOSNrgL2hEl1Yx4xGcBdHEyZjI3NwMlwluk3zRkYZbl0oU6U1QCXTJnz1YQA8X6INPpbOqFEl4DwV8Tt1rZz7IbUed',NULL,NULL,0,NULL,NULL,NULL,0,NULL,NULL,NULL,NULL,0,'android','',NULL,NULL),(542,'aqii','','saminew3@yopmail.com','$2y$10$jpdp96qPUxcF8KQPFvn6k.iNzRME/jHQb5v.Aprhw.QlyW23lCqpe','','','studio_user','2017-09-14 07:20:14','0000-00-00 00:00:00','464565',NULL,NULL,0,NULL,NULL,NULL,0,NULL,NULL,NULL,NULL,0,'apple','',NULL,NULL),(543,'aqii','','saminew4@yopmail.com','$2y$10$RLxSrtvEra/bIRrYp1nYB.Ba8E/V8cIJ5qmu0MlaZLaKYpH7JRjB2','','','studio_user','2017-09-14 07:43:04','0000-00-00 00:00:00','464565',NULL,NULL,0,NULL,NULL,NULL,0,NULL,NULL,NULL,NULL,1,'apple','',NULL,NULL),(544,'m1','','m1@yopmail.com','$2y$10$tKOa9Y6sWZnN//k46J8bMOPLWIdt4uq5UA8WeTYurfqX44Ux6aYfW','','','normal_user','2017-09-22 11:53:28','0000-00-00 00:00:00','fYDzROJuicI:APA91bFRWCXubDJTfjfShf5Zdv9o8wVjos7rumUV4YKc5Muh9mSRuF3jNFqU7eX0I0Rjn0lsg2ZE0so4hKxebuNxhqhDR_H6jSNTJgfPJcd3i3wQUVoN-XQrcYrwSuaH8NYI8YkOkUoo',NULL,NULL,0,NULL,NULL,NULL,0,NULL,NULL,NULL,NULL,1,'android','','[\"w1vtJPUeSiyasyJAAAAA\",\"M_QoubEoDQUkCzhYAAAB\"]',NULL),(545,'m2','','m2@yopmail.com','$2y$10$SLucT9LWBzkDCmC4WlDn..9hl93eNTgbBvnKgSSh0auSA.VnjY8rq','','','normal_user','2017-09-26 08:11:15','0000-00-00 00:00:00','dyho3sVV8aU:APA91bEKQLjXGk-xeqqHuUss1bi4M44C5r1WafZhMjv6rIeNUSLozcBElMTgRyZlzNWgS5G9QlLWEgJrPpxmzZwLBAng5PE4B-EyuvTcFI2YxottdfY7kwGXHb4EiCoKJ98mo5FYzCmc',NULL,NULL,0,NULL,NULL,NULL,0,NULL,NULL,NULL,NULL,1,'android','',NULL,NULL),(546,'m3','','m333@yopmail.com','$2y$10$APAq0Btphc4/8RRVm2eLA.3W3FLmoTjl.A4gJe5R4JP79iQdqXN6G','','','normal_user','2017-09-14 07:28:32','0000-00-00 00:00:00','ed_cRw7NRhc:APA91bGx-ygJN3S5sXt6gadWiJLW0nWsp6gUZmcioALgey_I7LBOSNrgL2hEl1Yx4xGcBdHEyZjI3NwMlwluk3zRkYZbl0oU6U1QCXTJnz1YQA8X6INPpbOqFEl4DwV8Tt1rZz7IbUed',NULL,NULL,0,NULL,NULL,NULL,0,NULL,NULL,NULL,NULL,0,'android','',NULL,NULL),(547,'msg','','min@yopmail.com','$2y$10$CWzPFU99dtcZdAGKDovqJeJJRNz.FSNAzScO0mA6i3khxIVFK03mi','','','studio_user','2017-09-14 07:29:33','0000-00-00 00:00:00','fXXGcY1L9ao:APA91bEcGLaUi4Knos6qISpwEEAlEePy46IFQtpoytXevmIuiQLQ7zfIpyzL0Xd-Q1EoonACFevy3nRJq7iGPwbKPmmRxkOxurJT0V7C4cPOnC5Qd9BJ1RDbe7IHgMOFmkCCAqw63b1_',NULL,NULL,0,NULL,NULL,NULL,0,NULL,NULL,NULL,NULL,0,'iphone','',NULL,NULL),(550,'m4','m4name','m4@yopmail.com','$2y$10$gsL8W3qNUpJwju/aBTisxOf.f.YHxQw5Kioe78KwdvtoF/RVducjC','','','normal_user','2017-09-25 05:50:43','0000-00-00 00:00:00','',NULL,NULL,0,'public/assets/uploads/images/2017/09/studioapp_up_1505817208.jpg',NULL,NULL,0,0,0,NULL,NULL,0,'android','','[]',NULL),(556,'msg','','min5@yopmail.com','$2y$10$nIg5swvw1/ps352n499bB.Hoq4.feE0R0OmyPsk4z6pXQlmg6FfF.','','','studio_user','2017-09-14 07:49:51','0000-00-00 00:00:00','fXXGcY1L9ao:APA91bEcGLaUi4Knos6qISpwEEAlEePy46IFQtpoytXevmIuiQLQ7zfIpyzL0Xd-Q1EoonACFevy3nRJq7iGPwbKPmmRxkOxurJT0V7C4cPOnC5Qd9BJ1RDbe7IHgMOFmkCCAqw63b1_',NULL,NULL,0,NULL,NULL,NULL,0,NULL,NULL,NULL,NULL,0,'iphone','',NULL,NULL),(557,'msg','','min8@yopmail.com','$2y$10$xzAFmcZwRlpVI2dOLrZcCOXit9FBqCFfIOkCJ8i90PMVd6esKrEsS','','','studio_user','2017-09-14 07:50:07','0000-00-00 00:00:00','fXXGcY1L9ao:APA91bEcGLaUi4Knos6qISpwEEAlEePy46IFQtpoytXevmIuiQLQ7zfIpyzL0Xd-Q1EoonACFevy3nRJq7iGPwbKPmmRxkOxurJT0V7C4cPOnC5Qd9BJ1RDbe7IHgMOFmkCCAqw63b1_',NULL,NULL,0,NULL,NULL,NULL,0,NULL,NULL,NULL,NULL,0,'iphone','',NULL,NULL),(559,'aqii','','min554@yopmail.com','$2y$10$/CpyDvPxVb76Z53B6KE8/.GG6QE1g.o1tUpMKupxVl2rYfuruth1y','','','studio_user','2017-09-14 07:50:37','0000-00-00 00:00:00','464565',NULL,NULL,0,NULL,NULL,NULL,0,NULL,NULL,NULL,NULL,0,'apple','',NULL,NULL),(570,'msg','','min55@yopmail.com','$2y$10$2nyOPYR8Df1YHNW6lar5ruS7KmJuXOCVx46/Q3twQvu01ZTK5z1RO','','','studio_user','2017-09-14 08:07:03','0000-00-00 00:00:00','fXXGcY1L9ao:APA91bEcGLaUi4Knos6qISpwEEAlEePy46IFQtpoytXevmIuiQLQ7zfIpyzL0Xd-Q1EoonACFevy3nRJq7iGPwbKPmmRxkOxurJT0V7C4cPOnC5Qd9BJ1RDbe7IHgMOFmkCCAqw63b1_',NULL,NULL,0,NULL,NULL,NULL,0,NULL,NULL,NULL,NULL,0,'iphone','',NULL,NULL),(571,'imcs123456','','imcs@sindh.com','$2y$10$8f6qLkpggBVmLD4zoJulgetDyO6eMo/bwCYeL8o5YcJ1dXvdHorC.','','','studio_user','2017-09-14 08:08:42','0000-00-00 00:00:00','a1312svcxbertwersdfasdfasdfasdfasdfasdfasdfasdfaewqrwerxcvz',NULL,NULL,0,NULL,NULL,NULL,0,NULL,NULL,NULL,NULL,0,'Android','',NULL,NULL),(572,'m5','m5','m5@yopmail.com','$2y$10$cfNC3oy0icFOJOXxfnUSZOfmTzbhV0U.jK2XFKlX1eS13zNhBWvN.',NULL,'','normal_user','2017-09-19 10:30:18','0000-00-00 00:00:00','464565',NULL,NULL,0,'public/assets/uploads/images/2017/09/studioapp_up_1505472676.jpg',NULL,NULL,0,39.8814009402487,-102.841545045376,NULL,NULL,1,'apple','','[]',NULL),(575,'Aamir123','','aamir123@yopmail.com','$2y$10$OY4RBFwaSu8/jZ9L3r3sL.Q9cOCPlcPNmrG/ywxfEBNkexPaIHMou','58874468','Auto Bahn Rd, Hyderabad, Pakistan','studio_user','2017-09-14 09:28:01','0000-00-00 00:00:00','a1312svcxbertwersdfasdfasdfasdfasdfasdfasdfasdfaewqrwerxcvz',NULL,NULL,0,'public/assets/uploads/images/2017/09/studioapp_up_1505380718.jpg',NULL,NULL,0,25.3751226795725,68.3505304902792,'public/assets/uploads/coverimages/2017/09/studioapp_up_1505381141.png',5,1,'Android','',NULL,NULL),(576,'minhaj','','imcs@yopmail.com','$2y$10$vAcqu448Ln8viS9EHLertuwrfmOrf6uc7PKhlhPKAh2vqBoRf2n3y','','','studio_user','2017-09-15 06:00:26','0000-00-00 00:00:00','a1312svcxbertwersdfasdfasdfasdfasdfasdfasdfasdfaewqrwerxcvz',NULL,NULL,0,NULL,NULL,NULL,0,NULL,NULL,NULL,NULL,1,'Android','',NULL,NULL),(578,'aqii','','sami19907817@gmail.com','$2y$10$47WvLEx15qULvig6ymWOmuJeSplW7FRUBu8oOclkmL9isZF7Skfna','','','studio_user','2017-09-14 11:35:21','0000-00-00 00:00:00','a1312svcxbertwersdfasdfasdfasdfasdfasdfasdfasdfaewqrwerxcvz',NULL,NULL,0,NULL,NULL,NULL,0,NULL,NULL,NULL,NULL,0,'Android','',NULL,NULL),(579,'joys','cjdhc','xhd@jfhc.con','$2y$10$BIFqhz4.rpDGYdYHCxoakeGlW7vJDSarjb7fqKNFlVheqf0jLjF.G','#+9+9','Karachi - Hyderabad Motorway, Jamshoro, Pakistan,Pakistan','studio_user','2017-09-14 11:50:49','0000-00-00 00:00:00','a1312svcxbertwersdfasdfasdfasdfasdfasdfasdfasdfaewqrwerxcvz',NULL,NULL,0,'public/assets/uploads/images/2017/09/studioapp_up_1505389849.jpg',NULL,NULL,0,25.392713707063017,68.27169634401798,NULL,NULL,0,'Android','',NULL,NULL),(580,'shah','shah11','shah@yopmail.com','$2y$10$qmZniKDweJcktfNJcT2eD.quU6du53344tzSgJ1hFm.fk2fwwIOJG','03213961278','Auto Bahn Rd, Hyderabad, Pakistan,Pakistan','studio_user','2017-09-14 12:13:05','0000-00-00 00:00:00','a1312svcxbertwersdfasdfasdfasdfasdfasdfasdfasdfaewqrwerxcvz',NULL,NULL,0,'public/assets/uploads/images/2017/09/studioapp_up_1505391185.jpg',NULL,NULL,0,25.375122679572474,68.35053049027921,NULL,NULL,0,'Android','',NULL,NULL),(581,'shah','','shahg@yopmail.com','$2y$10$EuphL0X/dCBtpktUezOoSOXAQgZoxLaNkvV/Gl5cwX/DAMkF51hU.','123453756','Hajji Ali Nawaz Chohan, Kotri, Pakistan,Pakistan','studio_user','2017-09-14 12:24:39','0000-00-00 00:00:00','a1312svcxbertwersdfasdfasdfasdfasdfasdfasdfasdfaewqrwerxcvz',NULL,NULL,0,'public/assets/uploads/images/2017/09/studioapp_up_1505391879.jpg',NULL,NULL,0,25.354060905244,68.26834425330162,NULL,NULL,0,'Android','',NULL,NULL),(582,'wwe','','wwe@yahoo.com','$2y$10$rnXFRI60tVcP2P3VQ1UXHeJn1ZEfJVgGjlPx7cL92az8D5b8jtu.u','','','studio_user','2017-09-14 12:27:34','0000-00-00 00:00:00','a1312svcxbertwersdfasdfasdfasdfasdfasdfasdfasdfaewqrwerxcvz',NULL,NULL,0,NULL,NULL,NULL,0,NULL,NULL,NULL,NULL,0,'Android','',NULL,NULL),(590,'ios studio','','ios112@yahoo.com','$2y$10$2ol/ETGl1RfnPi/tXjpRSu29BqYnCOneZWsbWLm7CjDHYTZ3pYRwy','987654321','','studio_user','2017-09-15 05:32:19','0000-00-00 00:00:00','a1312svcxbertwersdfasdfasdfasdfasdfasdfasdfasdfaewqrwerxcvz',NULL,NULL,0,NULL,NULL,NULL,0,NULL,NULL,NULL,NULL,0,'Android','',NULL,NULL),(591,'ios studio','','ios@yopmail.com','$2y$10$zclwd3JwQxjn46aLVMPiwek.BAXHKqQnfjkrNWR9K0MVJUpK3jJtG','987654321','','studio_user','2017-09-15 05:33:37','0000-00-00 00:00:00','a1312svcxbertwersdfasdfasdfasdfasdfasdfasdfasdfaewqrwerxcvz',NULL,NULL,0,NULL,NULL,NULL,0,NULL,NULL,NULL,NULL,0,'Android','',NULL,NULL),(594,'ios studio','','ios112@yopmail.com','$2y$10$K1weugKqvAXb3WqFK6cs/uKbf7psm.ScIIGkiNTP2att.UHiOyCWG','987654321','','studio_user','2017-09-15 05:41:29','0000-00-00 00:00:00','a1312svcxbertwersdfasdfasdfasdfasdfasdfasdfasdfaewqrwerxcvz',NULL,NULL,0,NULL,NULL,NULL,0,NULL,NULL,NULL,NULL,0,'Android','',NULL,NULL),(595,'ijfduru','jj','dudhdu@fh.vom','$2y$10$XUw.PigDRtGNCeatLILmZOqz4Se/x9ZDpT7EzcaEh2QqM6NTipt9i','5+534646','Unnamed Road, Iranduba - AM, 69405-000, Brazil,Brazil','studio_user','2017-09-15 05:48:40','0000-00-00 00:00:00','a1312svcxbertwersdfasdfasdfasdfasdfasdfasdfasdfaewqrwerxcvz',NULL,NULL,0,'public/assets/uploads/images/2017/09/studioapp_up_1505454520.jpg',NULL,NULL,0,-3.145687993101306,-60.257395952939994,NULL,NULL,0,'Android','',NULL,NULL),(597,'Abbasi','abbasi','abbasi@yopmail.com','$2y$10$Ye6O07dyVhKXIg/jIkgh3.1P9LSS0/1zr9M3kNKQi2HN3ej6ZlhWy','123456789','Hali Rd, Hyderabad, Pakistan','studio_user','2017-09-27 08:51:05','0000-00-00 00:00:00','',NULL,NULL,0,'public/assets/uploads/images/2017/09/studioapp_up_1505462450.jpg','pakistan','718000',0,25.3763286345844,68.3782994002104,'public/assets/uploads/coverimages/2017/09/studioapp_up_1505803461.png',4,0,'iphone','',NULL,NULL),(598,'Aqeel Ahmed','','aaqi@yopmail.com','$2y$10$4xsPc.83difKFiYC4B6zj.uqrA61B2OD/V1RW3hvxmb5BdZeK.CDK','','','normal_user','2017-09-25 05:48:14','0000-00-00 00:00:00','',NULL,NULL,0,'public/assets/uploads/images/2017/09/studioapp_up_1506082232.jpg',NULL,NULL,0,NULL,NULL,'public/assets/uploads/coverimages/2017/09/studioapp_up_1506082240.png',NULL,0,'iphone','','[]',NULL),(599,'aqii','','sami@gexton.com','$2y$10$OydsgkKXvjA8DeL2nasnmeEyWIW7/yFoh4OZudT3s227zZau3Rasu','57887','','studio_user','2017-09-17 00:44:13','0000-00-00 00:00:00','464565',NULL,NULL,0,NULL,NULL,NULL,0,NULL,NULL,NULL,NULL,0,'apple','',NULL,NULL),(601,'aj studio','','sajid@yopmail.com','$2y$10$jKB7cK29hcWY80onkM3HXuLOzZLs4yhKXV2K42NP/9TkMbf8e/6zO','963852711','','studio_user','2017-09-18 05:44:14','0000-00-00 00:00:00','a1312svcxbertwersdfasdfasdfasdfasdfasdfasdfasdfaewqrwerxcvz',NULL,NULL,0,NULL,NULL,NULL,0,NULL,NULL,NULL,NULL,0,'Android','',NULL,NULL),(602,'salman','','salman@yopmail.com','$2y$10$MMfw0qfOwoPTEXUVvhwz2.Ypd8u/cAnhtJoro8/QKIMkb9N1TH1xa','6325885','','studio_user','2017-09-18 06:00:50','0000-00-00 00:00:00','a1312svcxbertwersdfasdfasdfasdfasdfasdfasdfasdfaewqrwerxcvz',NULL,NULL,0,NULL,NULL,NULL,0,NULL,NULL,NULL,NULL,1,'Android','',NULL,NULL),(604,'rewewrewr','alialialaiali','aliali@yopmail.com','$2y$10$SBk0I.QVgfbcAJ91pXN2m.iAnmOT2pkasUCfaFjAlhWdWFUYdYcCq','5444544','gegerge','studio_user','2017-09-18 07:16:32','0000-00-00 00:00:00','464565',NULL,NULL,0,'public/assets/uploads/images/2017/09/studioapp_up_1505718992.png',NULL,NULL,0,423243.43423,4234324.423,NULL,NULL,0,'apple','',NULL,NULL),(605,'rewewrewr','','alialiali@yopmail.com','$2y$10$7/4FUysBK0OsWW1GpKIVHudrxuwwtCihGhkunVDD76ynzC7grfjCG','5444544','gegerge','studio_user','2017-09-18 07:19:24','0000-00-00 00:00:00','464565',NULL,NULL,0,'public/assets/uploads/images/2017/09/studioapp_up_1505719164.png',NULL,NULL,0,423243.43423,4234324.423,NULL,NULL,0,'apple','',NULL,NULL),(606,'rewewrewr','','alialiali1@yopmail.com','$2y$10$Q6zneCTrC37p5vynaG44reB3Oucy6ZqYFz.OVg4T8QACn6atkIzM2','5444544','gegerge','studio_user','2017-09-18 07:20:28','0000-00-00 00:00:00','464565',NULL,NULL,0,'public/assets/uploads/images/2017/09/studioapp_up_1505719215.png',NULL,NULL,0,423243.43423,4234324.423,NULL,NULL,1,'apple','',NULL,NULL),(607,'rewewrewr','','amjad@yopmail.com','$2y$10$BPIPa082D.C67ji5XVFUwerBCM6/HSKX8T2B/AhVo9kJ8dvNAkO6u','5444544','gegerge','studio_user','2017-09-18 07:48:17','0000-00-00 00:00:00','464565',NULL,NULL,0,'public/assets/uploads/images/2017/09/studioapp_up_1505720886.png',NULL,NULL,0,423243.43423,4234324.423,NULL,NULL,1,'apple','',NULL,NULL),(611,'aqii','','sami12345678@gexton.com','$2y$10$ZNIbk86YwwG7Mvftw5.roOf7kjJv9FWSfg2l6S4WiV8qB.CiDs2cy','57887','','studio_user','2017-09-21 12:52:59','0000-00-00 00:00:00','464565',NULL,NULL,0,NULL,NULL,NULL,0,NULL,NULL,NULL,NULL,0,'apple','',NULL,NULL),(612,'asdfsadf','','sadfasdf@gmail.com','$2y$10$8RXXuU3tcLYeJooCItWiD.eV9EpJxg/6cev/WV2It9x4PiiF7mVRq','57887','','studio_user','2017-09-21 12:54:20','0000-00-00 00:00:00','464565',NULL,NULL,0,NULL,NULL,NULL,0,NULL,NULL,NULL,NULL,1,'apple','',NULL,NULL),(614,'m6','m6','m6@yopmail.com','$2y$10$qyxGIT0MHHrKJzHOSREQ2.a4NbXqwXw3IVkkX8AyCG1qqAYCk3Dlu','216464364','Auto Bahn Rd, Hyderabad, Pakistan,Pakistan','studio_user','2017-09-22 11:18:24','0000-00-00 00:00:00',NULL,NULL,NULL,0,'public/assets/uploads/images/2017/09/studioapp_up_1506000457.jpg',NULL,NULL,0,25.37405060847755,68.34799312055111,'public/assets/uploads/coverimages/2017/09/studioapp_up_1506005017.png',NULL,1,'web','','[]',NULL),(615,'sami','','sami12345678@yopmail.com','$2y$10$JPpWMKAgrSnb98ZNw5si4.nwcMGFOp5glYtI6gRuCAg/dyzvCpNc.','2211','','studio_user','2017-09-21 14:50:09','0000-00-00 00:00:00',NULL,NULL,NULL,0,NULL,NULL,NULL,0,NULL,NULL,NULL,NULL,1,'web','','[]',NULL),(618,'aqii','','sami828@yopmail.com','$2y$10$BN5dCesLi8oFg04AkIgRxui.755MxX7NpHVmONuWoI2doHWtIHAAC','57887','','studio_user','2017-09-21 18:52:15','0000-00-00 00:00:00','464565',NULL,NULL,0,NULL,NULL,NULL,0,NULL,NULL,NULL,NULL,1,'apple','',NULL,NULL),(619,'aqii','','sami85128@yopmail.com','$2y$10$5dmbjvhOT7xUdZc7blGEBOo21ZEtk3ih6/QaodRItCA4hK5DWd4jK','57887','','studio_user','2017-09-22 06:07:01','0000-00-00 00:00:00','464565',NULL,NULL,0,NULL,NULL,NULL,0,NULL,NULL,NULL,NULL,1,'apple','',NULL,NULL),(622,'minhaj','','mninhaj@yopmail.com','$2y$10$SuXPuZ1lNfsj/iiWVKe1gOX5uueuOOS3SxBDVOoW0w/iOcsGi4IIq','57887','','studio_user','2017-09-22 06:07:21','0000-00-00 00:00:00','464565',NULL,NULL,0,NULL,NULL,NULL,0,NULL,NULL,NULL,NULL,0,'apple','',NULL,NULL),(623,'sami ahmed khan','','n1@yopmail.com','$2y$10$KvEZDZYEmZfQ2OqgW27.uOdeUiOJl3GhTetDgCJvTH.bCbsLXzMA2','03083790155','','studio_user','2017-09-22 06:37:31','0000-00-00 00:00:00',NULL,NULL,NULL,0,NULL,NULL,NULL,0,NULL,NULL,NULL,NULL,1,'web','','[]',NULL),(626,'sami123','','n2@yopmail.com','$2y$10$bj5huutXPgC/A9Hx02Im9OIEMlPc6SuhE.quL84z7MMDqfntOKqCu','12345678','','studio_user','2017-09-22 06:26:39','0000-00-00 00:00:00',NULL,NULL,NULL,0,NULL,NULL,NULL,0,NULL,NULL,NULL,NULL,0,'web','',NULL,NULL),(628,'sami123','sams','n3@yopmail.com','$2y$10$.Ubd//5JhSCOg/MBD2./KOjginu3pRwnZk0JYl3hlQ2gOZi2OMYU.','12345678','pakistani restaurant','studio_user','2017-09-22 06:37:47','0000-00-00 00:00:00',NULL,NULL,NULL,0,'public/assets/uploads/images/2017/09/studioapp_up_1506061780.tmp',NULL,NULL,0,-37.70366620000001,144.91538689999993,NULL,NULL,1,'web','','[]',NULL),(629,'minhaj studio','minhaj','minhaj@gexton.com','$2y$10$kPeT4TBnWXj86ILYp/gnbuM4V.q9ocMzM9U8UuywKmufarLAqxCnK','03213961278','Auto Bahn Rd, Hyderabad, Pakistan,Pakistan','studio_user','2017-09-26 12:15:35','0000-00-00 00:00:00','dwWjxPdnKJ4:APA91bEfj0AOEBzVZC3pg_46F1mgfZpW82gLHTIwvkC6eaJ5I22GlSgVt2uHoGruMU1jKaU6GD4WlAxpFv5FscwerJZCgloB4xfVel4D4OeiCI954In6hy1pTpFZ57W3dRUA2nPkaWNd',NULL,NULL,0,'public/assets/uploads/images/2017/09/studioapp_up_1506061977.jpg',NULL,NULL,0,25.375122679572474,68.35053049027921,'public/assets/uploads/coverimages/2017/09/studioapp_up_1506334511.png',5,1,'iphone','',NULL,NULL),(630,'samikhan45','','n4@yopmail.com','$2y$10$SZ/MdGcxDnVgjMdWurGLku/39T.a5dmzqk5BPTTeE4OuTyOJRzPNu','252525','','studio_user','2017-09-22 06:38:21','0000-00-00 00:00:00',NULL,NULL,NULL,0,NULL,NULL,NULL,0,NULL,NULL,NULL,NULL,0,'web','',NULL,NULL),(631,'samikhan45','','n5@yopmail.com','$2y$10$fr6tjo0spe/LKKywm.NcnO70tMhtWcLcu0S8BGM/NhtlydKcAZvjq','252525','','studio_user','2017-09-22 06:41:54','0000-00-00 00:00:00',NULL,NULL,NULL,0,NULL,NULL,NULL,0,NULL,NULL,NULL,NULL,0,'web','',NULL,NULL),(632,'samikhan45','','n6@yopmail.com','$2y$10$V/uC4jUMOjN3arXm09rus.3MqL1EnX5kQKkZyVMisiEU4ppxPrKsC','252525','','studio_user','2017-09-22 07:05:52','0000-00-00 00:00:00',NULL,NULL,NULL,0,NULL,NULL,NULL,0,NULL,NULL,NULL,NULL,0,'web','',NULL,NULL),(633,'sami','','n7@yopmail.com','$2y$10$c.EbaWtCzuqPPQmmK/lMFun7RDkrDiJml.nWFGAp1g8kgiPyn6o2q','03083790155','','studio_user','2017-09-22 07:16:29','0000-00-00 00:00:00',NULL,NULL,NULL,0,NULL,NULL,NULL,0,NULL,NULL,NULL,NULL,0,'web','',NULL,NULL),(634,'sami','','n8@yopmail.com','$2y$10$IuYU6hL4E4kyZ7TfNR4DKe./TX.Qbc1hcr3fTa9OIGJSkTHr0dG0O','03083790155','','studio_user','2017-09-22 07:33:52','0000-00-00 00:00:00',NULL,NULL,NULL,0,NULL,NULL,NULL,0,NULL,NULL,NULL,NULL,0,'web','',NULL,NULL),(635,'sami ahmed khan','','n9@yopmail.com','$2y$10$1DG.j5wsb8gvZ.ageVg4dOrzn4RW3cM1VkDAoDDIf.EsRCIMbZTgK','1225','','studio_user','2017-09-22 07:45:44','0000-00-00 00:00:00',NULL,NULL,NULL,0,NULL,NULL,NULL,0,NULL,NULL,NULL,NULL,0,'web','',NULL,NULL),(636,'samikhan12345678','','n10@yopmail.com','$2y$10$Qjgk86.9c6L3HSu8blz2xea/Q/P30gdPJ4qCb.GYWZuHqytbtUoGO','12345678','','studio_user','2017-09-22 07:56:48','0000-00-00 00:00:00',NULL,NULL,NULL,0,NULL,NULL,NULL,0,NULL,NULL,NULL,NULL,0,'web','',NULL,NULL),(637,'sami ahmed khan','samisss','n11@yopmail.com','$2y$10$Jn3yD/iT80j/6NOjuQi8M.IotquhycXq.Mi6AHMwgLIT/7kAGUUA6','12345678','Hyderabad House, Hassall Street, Parramatta, New South Wales, Australia','studio_user','2017-09-22 11:29:02','0000-00-00 00:00:00','',NULL,NULL,0,'public/assets/uploads/images/2017/09/studioapp_up_1506068617.tmp',NULL,NULL,0,-33.8179874,151.00901020000003,'public/assets/uploads/coverimages/2017/09/studioapp_up_1506072035.png',NULL,0,'web','','[]',NULL),(638,'samikhan45','','sami4585@yopmail.com','$2y$10$UiwlsmqPy0HG2jrLOvNJTOjZqL/omv6hR6h2oFlF2c1MmchnP3Iy.','03083790155','','studio_user','2017-09-22 10:08:00','0000-00-00 00:00:00',NULL,NULL,NULL,0,NULL,NULL,NULL,0,NULL,NULL,NULL,NULL,1,'web','','[]',NULL),(639,'test','test123','testing@yopmail.com','$2y$10$l6fAoJBL.T9jv4Eel526wOQu3oAs.hGG3WSfvjN4odrMHvkrnlALW','252525','pakistani restaurant','studio_user','2017-09-22 09:05:58','0000-00-00 00:00:00',NULL,NULL,NULL,0,'public/assets/uploads/images/2017/09/studioapp_up_1506070954.tmp',NULL,NULL,0,-37.70366620000001,144.91538689999993,NULL,NULL,1,'web','','[]',NULL),(641,'sami','sadsdsa','n12@yopmail.com','$2y$10$lDjE8CG1NXnbsgW0.8Eaj.ouX8MlRcgIRJCnQceVlrS9IR.pDg0La','03083790155','pakistani restaurant','studio_user','2017-09-22 12:39:52','0000-00-00 00:00:00',NULL,NULL,NULL,0,'public/assets/uploads/images/2017/09/studioapp_up_1506079069.',NULL,NULL,0,-27.560525,153.083348,NULL,NULL,1,'web','','[]',NULL),(642,'sami ahmed khan','sami452558','n13@yopmail.com','$2y$10$uKV/pLavmIbAd/ARicyWA.5R4PU0EPte8EGsfgsJjdk6oG1Zf9GFq','03083790155','pakistani restaurant','studio_user','2017-09-22 11:43:41','0000-00-00 00:00:00',NULL,NULL,NULL,0,'public/assets/uploads/images/2017/09/studioapp_up_1506079044.tmp',NULL,NULL,0,-27.560525,153.083348,NULL,NULL,1,'web','','[]',NULL),(643,'naveed ahmed','naveedahmed01','naveedahmed@yopmail.com','$2y$10$oEqYURhcm5iJpwgZxI3r6.ev1Teqx6wG5sFvdEZyZipNtLoLGQlNu','03123384312','Padidan, Sindh, Pakistan','studio_user','2017-09-26 10:52:55','0000-00-00 00:00:00',NULL,NULL,NULL,0,'public/assets/uploads/images/2017/09/studioapp_up_1506177960.tmp',NULL,NULL,0,26.7757114,68.29517379999993,NULL,NULL,1,'web','','[]',NULL),(644,'Maaz Test','syed_maaz_ali1','maaz123@yopmail.com','$2y$10$HgNlMindiHiDOhm1p/DTyuvsnswFd6WM6nNXIC1Z4MF6R0w.krZvi','13123123','Next of Skin MediSpa, Elizabeth Bay Road, Elizabeth Bay, New South Wales, Australia','studio_user','2017-09-22 11:22:35','0000-00-00 00:00:00',NULL,NULL,NULL,0,'public/assets/uploads/images/2017/09/studioapp_up_1506078693.',NULL,NULL,0,-33.8727257,151.22714859999996,NULL,NULL,1,'web','','[]',NULL),(645,'naveed','naveed12','naveed@yopmail.com','$2y$10$50U39GxeGcIvACC6KxMk7.tz48iN/dqK9bowUfE9MhzYQbMabRlt2','123456789','Padidan, Sindh, Pakistan','studio_user','2017-09-22 12:46:15','0000-00-00 00:00:00',NULL,NULL,NULL,0,'public/assets/uploads/images/2017/09/studioapp_up_1506080765.tmp',NULL,NULL,0,26.7757114,68.29517379999993,NULL,NULL,1,'web','','[]',NULL),(646,'m18','','m8@yopmail.com','$2y$10$EjHZ.Ab/E1YMl34DcUy45eq/CmGGCUNUqaMHbKRUfzh0fYKArn81e','1231231','','studio_user','2017-09-22 14:01:20','0000-00-00 00:00:00',NULL,NULL,NULL,0,NULL,NULL,NULL,0,NULL,NULL,NULL,NULL,0,'web','',NULL,NULL),(647,'m18','','m851@yopmail.com','$2y$10$SigGisj6ZzFEfKPtSa3R0eecIlcH1NvoypTr8G4ho/XI6GDnHaWlW','1231231','','studio_user','2017-09-22 14:03:43','0000-00-00 00:00:00',NULL,NULL,NULL,0,NULL,NULL,NULL,0,NULL,NULL,NULL,NULL,0,'web','',NULL,NULL),(648,'Mine','Mine','sunnykkhussain@gmail.com','$2y$10$tlQbu6Or1y1sK93gh01kvunqLVMkNIr9srOdttDclWJnwTPY6GbVO','1651651','Gexton Education, Hyderabad, Pakistan','studio_user','2017-09-22 14:16:55','0000-00-00 00:00:00',NULL,NULL,NULL,0,'public/assets/uploads/images/2017/09/studioapp_up_1506089545.',NULL,NULL,0,25.3751226,68.35053040000003,NULL,NULL,1,'web','','[]',NULL),(649,'sami ahmed khan','','n155@yopmail.com','$2y$10$p7cZ9PiHDCVud5nAIzznkOPbGypIBVO9oC.53BswOpU0NZ1Ds1nBu','12345678','','studio_user','2017-09-22 14:06:48','0000-00-00 00:00:00',NULL,NULL,NULL,0,NULL,NULL,NULL,0,NULL,NULL,NULL,NULL,0,'web','',NULL,NULL),(650,'m15','','m15@yopmail.com','$2y$10$kOoznNHwiF/2lTKDvvpyBOrhNZIiQiAyaFXaFU2qai4DIBI25OgfO','646464884','','normal_user','2017-09-25 06:21:13','0000-00-00 00:00:00','dyho3sVV8aU:APA91bEKQLjXGk-xeqqHuUss1bi4M44C5r1WafZhMjv6rIeNUSLozcBElMTgRyZlzNWgS5G9QlLWEgJrPpxmzZwLBAng5PE4B-EyuvTcFI2YxottdfY7kwGXHb4EiCoKJ98mo5FYzCmc',NULL,NULL,0,NULL,NULL,NULL,0,NULL,NULL,NULL,NULL,1,'android','',NULL,NULL),(652,'sm2','','sm2@yopmail.com','$2y$10$9D71di7l0MrkoC1KBqn/JeQXdvxb7eKqRvE8/qa3rKWqmEP89Ov.G','6494564','','studio_user','2017-09-25 07:29:34','0000-00-00 00:00:00','a1312svcxbertwersdfasdfasdfasdfasdfasdfasdfasdfaewqrwerxcvz',NULL,NULL,0,NULL,NULL,NULL,0,NULL,NULL,NULL,NULL,1,'Android','',NULL,NULL),(653,'sm3','','sm3@yopmail.com','$2y$10$3omjx1wbbpErqoLjD/6kB.J/KGMhdLWhtDz3/Wt27NEeEH9n/caSS','6494646','','studio_user','2017-09-25 07:50:10','0000-00-00 00:00:00','a1312svcxbertwersdfasdfasdfasdfasdfasdfasdfasdfaewqrwerxcvz',NULL,NULL,0,NULL,NULL,NULL,0,NULL,NULL,NULL,NULL,1,'Android','',NULL,NULL),(654,'kinks','','hhh@yopmail.com','$2y$10$ygSKErzgNcKiY473mtfPh.jydWMnLRfzpFsHl4to6WAMa7U043Beu','03154660552','','normal_user','2017-09-25 08:17:42','0000-00-00 00:00:00','cu4PwNoYR0k:APA91bGg8P3vwHkALJ6vHdNMn2K4LG-qpvFa2aV-3Rq1Z42dHM_ctZZYtyB5Bzea4m50nOmUO5ZAL76ZzcHFF5L-dLjsJqrf_HiVSWjhlbLGX6z3gwDg6QFe4b2qfAXOMDTNpSNhq-st',NULL,NULL,0,NULL,NULL,NULL,0,NULL,NULL,NULL,NULL,0,'iphone','',NULL,NULL),(655,'Hutu','bahah','hyd@yopmail.com','$2y$10$.NDSv6F3.0kpqhOLFiL6CO7i4s3VTMArk3vynKhtPfEtPcyCX58VK','123456','45857-54339 Co Rd 22, Akron, CO 80720, USA','normal_user','2017-09-26 08:15:15','0000-00-00 00:00:00','',NULL,NULL,0,'public/assets/uploads/images/2017/09/studioapp_up_1506333611.jpg',NULL,NULL,0,39.8814009402487,-102.841545045376,NULL,NULL,0,'iphone','',NULL,NULL),(656,'sami ahmed khan','saksanasjk','sami12345@yopmail.com','$2y$10$brGhqsRZNsxP8ZGUk.0I2eqB5TRoD1GMXqubq73VUDyjIMygd40Y6','03083790155','Hyderabad, Sindh, Pakistan','studio_user','2017-09-25 14:19:24','0000-00-00 00:00:00',NULL,NULL,NULL,0,'public/assets/uploads/images/2017/09/studioapp_up_1506349164.tmp',NULL,NULL,0,25.3817509,68.36938970000006,NULL,NULL,1,'web','',NULL,NULL),(657,'sami ahmed khan','dasd4655das5d','sami45@yopmail.com','$2y$10$.JihKcCh4zyLR8oXvsh7..12SwHkKVIycw7y0nCGjDidNVrNphRdi','123456789','house near 57, Gladesville, New South Wales, Australia','studio_user','2017-09-26 11:16:16','0000-00-00 00:00:00',NULL,NULL,NULL,0,'public/assets/uploads/images/2017/09/studioapp_up_1506408282.tmp',NULL,NULL,0,-33.8394309,151.12838569999997,NULL,NULL,1,'web','','[]',NULL),(658,'Abbasi 2','abbasi2','abbasi2@yopmail.com','$2y$10$4mr.vAKxxhkg8b0kG/HlR.vNbYBI3OiJ840GYgTX8rFBH.iWhRqbi','12345678','Ayesha Building, Station Rd, Hyderabad, Pakistan','studio_user','2017-09-27 09:07:05','0000-00-00 00:00:00','',NULL,NULL,0,'public/assets/uploads/images/2017/09/studioapp_up_1506409348.jpg',NULL,NULL,0,25.3857547225911,68.3674843981862,'public/assets/uploads/coverimages/2017/09/studioapp_up_1506410281.png',NULL,0,'iphone','',NULL,NULL),(659,'sm','','sm1@yopmail.com','$2y$10$6xFG6UMRut2318poi1A4GOmKuk.Ph2OrNzSsrVLj9tvy3Zil00UKy','64649','','normal_user','2017-09-26 08:12:21','0000-00-00 00:00:00','dyho3sVV8aU:APA91bEKQLjXGk-xeqqHuUss1bi4M44C5r1WafZhMjv6rIeNUSLozcBElMTgRyZlzNWgS5G9QlLWEgJrPpxmzZwLBAng5PE4B-EyuvTcFI2YxottdfY7kwGXHb4EiCoKJ98mo5FYzCmc',NULL,NULL,0,NULL,NULL,NULL,0,NULL,NULL,NULL,NULL,1,'android','',NULL,NULL),(660,'sami ahmed khan','','sami147@yopmail.com','$2y$10$VLD21ciBer4ZJjWaCivkZ.utNq02RXt0rpS1s7W7KXQR69PIZJ69S','03083790155','','studio_user','2017-09-26 11:27:33','0000-00-00 00:00:00',NULL,NULL,NULL,0,NULL,NULL,NULL,0,NULL,NULL,NULL,NULL,1,'web','',NULL,NULL),(661,'sami ahmed khan','','sami5252@yopmail.com','$2y$10$szF86Cbfsskwv8F9uMtoIuZaa7mQv0RVBbnvLa.S07lyJzvnhcS/y','03083790155','','studio_user','2017-09-26 11:30:08','0000-00-00 00:00:00',NULL,NULL,NULL,0,NULL,NULL,NULL,0,NULL,NULL,NULL,NULL,0,'web','',NULL,NULL),(662,'sami ahmed khan','','sami8585@yopmail.com','$2y$10$dZ9hHAm0VmjfdIWnslQo1eUR.jjczEJWarjoUwqKixeGiMgFb7ilO','03083790155','','studio_user','2017-09-26 11:35:15','0000-00-00 00:00:00',NULL,NULL,NULL,0,NULL,NULL,NULL,0,NULL,NULL,NULL,NULL,1,'web','','[]',NULL),(663,'samikhan45','sami','sami7474@yopmail.com','$2y$10$UKsEopC7dmZHSWeEgDwxV.i8I0GL6oxcCpQf2hF/SbkULrTQUTRQG','03083790155','pakistani restaurant','studio_user','2017-09-27 07:58:05','0000-00-00 00:00:00',NULL,NULL,NULL,0,'public/assets/uploads/images/2017/09/studioapp_up_1506498958.tmp',NULL,NULL,0,-27.560525,153.083348,NULL,NULL,1,'web','','[]',NULL),(664,'sami ahmed khan','','sami89@yopmail.com','$2y$10$e9ItrPJ/6KB5C4qSr0C.vudDNVZBxbcvbDh/qGFegvAnj7xxk8aCC','454444','','studio_user','2017-09-26 14:37:36','0000-00-00 00:00:00',NULL,NULL,NULL,0,NULL,NULL,NULL,0,NULL,NULL,NULL,NULL,0,'web','',NULL,NULL),(665,'samikhan12345678','khan254','k12@yopmail.com','$2y$10$JezmZO/1MXM.oayynL2ijeivx1jbXkm7GKk1XbmJIzJ1m/4.Ame4i','123','pakistani restaurant','studio_user','2017-09-27 08:02:50','0000-00-00 00:00:00',NULL,NULL,NULL,0,'public/assets/uploads/images/2017/09/studioapp_up_1506499203.tmp',NULL,NULL,0,-27.560525,153.083348,NULL,NULL,1,'web','','[]',NULL);

/*Table structure for table `video_category` */

DROP TABLE IF EXISTS `video_category`;

CREATE TABLE `video_category` (
  `id` int(11) NOT NULL AUTO_INCREMENT,
  `category_name` varchar(200) NOT NULL,
  `status` enum('studio','user') NOT NULL,
  `slug` varchar(60) NOT NULL,
  `service_image` varchar(99) NOT NULL,
  PRIMARY KEY (`id`)
) ENGINE=InnoDB AUTO_INCREMENT=15 DEFAULT CHARSET=latin1;

/*Data for the table `video_category` */

insert  into `video_category`(`id`,`category_name`,`status`,`slug`,`service_image`) values (1,'Fashion','user','fashion',''),(2,'Health & Care','user','health-and-care',''),(3,'Good To Know','user','good-to-know',''),(4,'Celebrities News','user','celebrities_news','public/assets/uploads/service-img/2017/08/studioapp_up_1503962448.jpg'),(9,'Hair Dresser ','studio','hair-dresser','public/assets/uploads/service-img/s2.jpg'),(10,'Nail Design','studio','nail-design','public/assets/uploads/service-img/s3.jpg'),(11,'Pedicure','studio','pedicure','public/assets/uploads/service-img/s3.jpg'),(12,'Hair Removal','studio','hair-removal','public/assets/uploads/service-img/s2.jpg'),(13,'Cosmetic Procedures','studio','cosmetic-procedures','public/assets/uploads/service-img/s2.jpg'),(14,'Massage','studio','massage','public/assets/uploads/service-img/s2.jpg');

/*Table structure for table `video_likes` */

DROP TABLE IF EXISTS `video_likes`;

CREATE TABLE `video_likes` (
  `id` int(11) NOT NULL AUTO_INCREMENT,
  `user_id` int(11) DEFAULT NULL,
  `studio_id` int(11) DEFAULT NULL,
  `video_id` int(11) DEFAULT NULL,
  `created_on` timestamp NULL DEFAULT CURRENT_TIMESTAMP,
  PRIMARY KEY (`id`)
) ENGINE=InnoDB AUTO_INCREMENT=208 DEFAULT CHARSET=utf8;

/*Data for the table `video_likes` */

insert  into `video_likes`(`id`,`user_id`,`studio_id`,`video_id`,`created_on`) values (45,381,375,137,'2017-08-28 15:31:16'),(52,381,375,145,'2017-08-28 15:54:58'),(53,381,375,136,'2017-08-28 15:55:29'),(93,470,378,205,'2017-09-12 16:45:08'),(99,575,439,137,'2017-09-14 14:31:22'),(103,382,575,228,'2017-09-14 14:46:00'),(104,207,86,137,'2017-09-15 14:11:26'),(105,144,404,137,'2017-09-15 14:14:18'),(106,145,404,137,'2017-09-15 14:26:59'),(110,572,415,219,'2017-09-15 16:45:04'),(111,382,382,225,'2017-09-15 17:59:51'),(128,597,575,228,'2017-09-18 17:07:37'),(137,597,603,231,'2017-09-18 17:29:46'),(140,597,415,216,'2017-09-18 17:47:35'),(142,382,439,136,'2017-09-18 18:06:40'),(148,597,439,137,'2017-09-19 10:15:43'),(161,597,382,221,'2017-09-19 11:45:09'),(162,382,415,217,'2017-09-19 16:38:34'),(167,382,382,221,'2017-09-19 17:38:01'),(174,145,404,138,'2017-09-19 18:34:02'),(178,597,415,217,'2017-09-19 18:35:18'),(179,597,597,235,'2017-09-19 18:35:26'),(183,145,404,196,'2017-09-19 18:37:06'),(184,146,404,196,'2017-09-19 18:42:12'),(185,148,404,196,'2017-09-19 18:45:08'),(186,149,410,196,'2017-09-19 18:47:40'),(187,150,410,196,'2017-09-19 18:57:08'),(188,151,410,196,'2017-09-19 18:58:35'),(189,152,410,196,'2017-09-19 18:59:12'),(190,153,410,196,'2017-09-19 18:59:52'),(191,154,410,196,'2017-09-19 19:00:21'),(192,597,415,217,'2017-09-19 19:00:32'),(197,155,410,196,'2017-09-19 19:06:41'),(202,597,415,196,'2017-09-19 19:08:45'),(207,597,597,232,'2017-09-19 19:51:55');

/*Table structure for table `video_reports` */

DROP TABLE IF EXISTS `video_reports`;

CREATE TABLE `video_reports` (
  `id` int(11) unsigned NOT NULL AUTO_INCREMENT,
  `video_id` int(11) DEFAULT NULL,
  `user_id` int(11) DEFAULT NULL,
  `category` varchar(120) DEFAULT NULL,
  `complain` text,
  `created_on` timestamp NOT NULL DEFAULT CURRENT_TIMESTAMP,
  PRIMARY KEY (`id`)
) ENGINE=InnoDB DEFAULT CHARSET=utf8;

/*Data for the table `video_reports` */

/*Table structure for table `videos` */

DROP TABLE IF EXISTS `videos`;

CREATE TABLE `videos` (
  `id` int(11) NOT NULL AUTO_INCREMENT,
  `studio_id` int(11) DEFAULT NULL,
  `Video_link` varchar(200) DEFAULT NULL,
  `title` text,
  `discribtion` text,
  `thumbnail` varchar(200) DEFAULT NULL,
  `is_pro` int(11) DEFAULT NULL,
  `Video_category_id` int(20) DEFAULT NULL,
  `duration` varchar(20) DEFAULT NULL,
  `size` varchar(20) DEFAULT NULL,
  `tags` varchar(200) DEFAULT NULL,
  `likes` int(20) DEFAULT NULL,
  `views` int(20) NOT NULL,
  `date` timestamp NOT NULL DEFAULT CURRENT_TIMESTAMP ON UPDATE CURRENT_TIMESTAMP,
  `is_visible` tinyint(1) NOT NULL DEFAULT '1',
  PRIMARY KEY (`id`),
  KEY `userid` (`studio_id`)
) ENGINE=InnoDB AUTO_INCREMENT=244 DEFAULT CHARSET=latin1;

/*Data for the table `videos` */

insert  into `videos`(`id`,`studio_id`,`Video_link`,`title`,`discribtion`,`thumbnail`,`is_pro`,`Video_category_id`,`duration`,`size`,`tags`,`likes`,`views`,`date`,`is_visible`) values (136,439,'videos/2017/08/studioapp_up_1503909311.mp4','bhhg','vvg','',0,9,'211539','4633.375','gfd,',2,0,'2017-09-19 19:20:53',1),(137,439,'videos/2017/08/studioapp_up_1503909506.mp4','gvgg','ggg','',0,9,'35115','1446.4912109375','fgg,fgg,fgg,',5,0,'2017-09-19 16:42:12',1),(145,421,'videos/2017/08/studioapp_up_1504092141.mp4','Haq Se Single','Asdfasf as df dad f as df as f. Asd f sa df sad f asd f as fd a','thumbnails/2017/08/studioapp_up_1504092142.jpg',1,9,'5981.7','484.9287109375','asdf,asfdasdf,as,df,asd',1,0,'2017-09-18 13:05:14',1),(149,475,'videos/2017/08/studioapp_up_1504170591.mp4','boat','Hallo','thumbnails/2017/08/studioapp_up_1504170592.jpg',0,3,'17281.7','1470.16796875','boat',0,0,'2017-09-19 10:14:17',1),(194,381,'videos/2017/09/studioapp_up_1504681935.mp4','funny video','this is sample discription','thumbnails/2017/09/studioapp_up_1504681936.png',1,10,'13096','1641.16015625','fun,walk ,talk,',2,0,'2017-09-19 19:27:10',1),(196,415,'videos/2017/09/studioapp_up_1504700704.mp4','Has','Asdfasdfas df as df asd f asd fas df as df asd f','thumbnails/2017/09/studioapp_up_1504700706.jpg',0,9,'11436.7','835.2568359375','asdf,asd,f,asd,f,as',8,0,'2017-09-19 19:08:45',1),(204,506,'videos/2017/09/studioapp_up_1504857249.mp4','offce','dbshs shshssbjs sjs sbss js sjs sjs sj','thumbnails/2017/09/studioapp_up_1504857250.png',1,9,'7957','965.013671875','gex,',1,0,'2017-09-08 13:12:26',1),(205,378,'dfsdfdsfsds','testing','this is testing','trrteteretre',0,1,'30','15','foodball,cricket',1,0,'2017-09-13 17:31:24',0),(206,378,'videos/2017/09/studioapp_up_1504994198.png','testing','this is testing','thumbnails/2017/09/studioapp_up_1504994198.png',0,1,'30','15','foodball,cricket',0,0,'2017-09-13 17:30:27',1),(207,378,'videos/2017/09/studioapp_up_1504997140.png','testing','this is testing','thumbnails/2017/09/studioapp_up_1504997141.png',0,1,'30','15','foodball,cricket',0,0,'2017-09-13 17:30:27',1),(208,378,'videos/2017/09/studioapp_up_1504997144.png','testing','this is testing','thumbnails/2017/09/studioapp_up_1504997144.png',0,1,'30','15','foodball,cricket',0,0,'2017-09-13 17:30:27',1),(209,378,'videos/2017/09/studioapp_up_1504997245.png','testing','this is testing','thumbnails/2017/09/studioapp_up_1504997246.png',0,1,'30','15','foodball,cricket',0,0,'2017-09-13 17:30:27',1),(210,378,'dasdsadasdasds','testing','this is testing','dsadsaads',1,1,'30','15','foodball,cricket',0,0,'2017-09-13 17:31:24',0),(211,382,'videos/2017/09/studioapp_up_1505116869.mp4','My First Video','yaadgiryon sambhal kam indae...\nkenh wishorde j saal kam indae ...','thumbnails/2017/09/studioapp_up_1505116901.png',0,2,'80735','8540','Fasion,Style,New Tag',0,0,'2017-09-11 13:31:02',1),(212,405,'videos/2017/09/studioapp_up_1505117527.mp4','wedding','Bjgg','thumbnails/2017/09/studioapp_up_1505117528.jpg',0,12,'18516.7','1944.09765625',NULL,0,0,'2017-09-11 13:12:08',1),(213,510,'videos/2017/09/studioapp_up_1505196330.mp4','Haq Se Single','Lorem ipsum dolor sit er elit lamet, consectetaur cillium adipisicing pecu, sed do eiusmod tempor incididunt ut labore et dolore magna aliqua. Ut enim ad minim veniam, quis nostrud exercitation ullamco laboris nisi ut aliquip ex ea commodo consequat. Duis aute irure dolor in reprehenderit in voluptate velit esse cillum dolore eu fugiat nulla pariatur. Excepteur sint occaecat cupidatat non proident, sunt in culpa qui officia deserunt mollit anim id est laborum. Nam liber te conscient to factor tum poen legum odioque civiuda.','thumbnails/2017/09/studioapp_up_1505196331.jpg',0,9,'4750.0','420.4375','Haq,se,single',0,0,'2017-09-12 11:05:31',1),(214,415,'videos/2017/09/studioapp_up_1505365201.mp4','gssga','Shagsbs s a. A aa','thumbnails/2017/09/studioapp_up_1505365202.jpg',0,9,'903.3','405.498046875','shagsh',0,0,'2017-09-14 10:00:02',1),(215,415,'videos/2017/09/studioapp_up_1505365228.mp4','hsgsg a s  as','vagag','thumbnails/2017/09/studioapp_up_1505365229.jpg',0,9,'903.3','405.498046875','dd',0,0,'2017-09-14 10:00:29',1),(216,415,'videos/2017/09/studioapp_up_1505365254.mp4','fghahaha a. aa','Z bGHAHAHHA','thumbnails/2017/09/studioapp_up_1505365255.jpg',0,9,'903.3','405.498046875','bahah',1,0,'2017-09-18 17:47:35',1),(217,415,'videos/2017/09/studioapp_up_1505365293.mp4','shshsgsvs','BBaga','thumbnails/2017/09/studioapp_up_1505365294.jpg',0,9,'3668.3','2086.384765625',NULL,1,0,'2017-09-19 19:00:32',1),(218,415,'videos/2017/09/studioapp_up_1505365317.mp4','hshshsha','baggage','thumbnails/2017/09/studioapp_up_1505365318.jpg',0,9,'903.3','405.498046875','shaha',0,0,'2017-09-14 10:01:58',1),(219,415,'videos/2017/09/studioapp_up_1505365341.mp4','hshshhsh','Gahsgag','thumbnails/2017/09/studioapp_up_1505365342.jpg',0,9,'903.3','405.498046875','janaha',1,0,'2017-09-15 16:45:04',1),(221,382,'videos/2017/09/studioapp_up_1505377972.mp4','The Rings','this is simple description.\nA variation of the ordinary lorem ipsum text has been used in typesetting since the 1960s or earlier, when it was popularized by advertisements for Letraset transfer sheets.','thumbnails/2017/09/studioapp_up_1505377978.png',0,1,'1043551','47739','Fasion',2,0,'2017-09-19 17:38:01',1),(223,573,'videos/2017/09/studioapp_up_1505378570.mp4','yhis is','dbbss','thumbnails/2017/09/studioapp_up_1505378571.png',0,9,'4395','712.6845703125','endns,',0,0,'2017-09-14 13:44:01',1),(224,573,'videos/2017/09/studioapp_up_1505378640.mp4','my second vidro','thia is my tags','thumbnails/2017/09/studioapp_up_1505378641.png',0,9,'8277','993.341796875','tag,test tagd,',0,0,'2017-09-14 13:45:47',1),(225,382,'videos/2017/09/studioapp_up_1505378733.mp4','The Mummy Video','the mummy official video','thumbnails/2017/09/studioapp_up_1505378738.png',0,3,'1003127','44086','Mummy,Jbl',1,0,'2017-09-19 10:24:04',1),(226,573,'videos/2017/09/studioapp_up_1505378746.mp4','mu shaken dhdhd','dhdhshshs','thumbnails/2017/09/studioapp_up_1505378747.png',1,13,'4800','741.73046875','hehshs,hehddbsshs,',0,0,'2017-09-14 13:45:47',1),(227,575,'videos/2017/09/studioapp_up_1505381007.mp4','test video','New video','thumbnails/2017/09/studioapp_up_1505381009.jpg',0,13,'7400.0','732.6943359375','test test test,hey',0,0,'2017-09-14 14:23:29',1),(228,575,'videos/2017/09/studioapp_up_1505381342.mp4','this','sbsbs','thumbnails/2017/09/studioapp_up_1505381343.png',1,9,'6507','861.4755859375','dbdbd,',2,0,'2017-09-18 17:07:37',1),(230,603,'videos/2017/09/studioapp_up_1505722377.mp4','ggxhd','Fxhx','thumbnails/2017/09/studioapp_up_1505722379.jpg',0,12,'180003.3','16440.6142578125','jxcf',0,0,'2017-09-18 13:12:59',1),(231,603,'videos/2017/09/studioapp_up_1505736522.mp4','bxhx','ncjcjf','thumbnails/2017/09/studioapp_up_1505736524.png',0,9,'162679','8745.6689453125','dhdu,',1,0,'2017-09-18 17:40:39',1),(232,597,'videos/2017/09/studioapp_up_1505737279.mp4','Natural Beauty','Lorem ipsum dolor sit er elit lamet, consectetaur cillium adipisicing pecu, sed do eiusmod tempor incididunt ut labore et dolore magna aliqua. Ut enim ad minim veniam, quis nostrud exercitation ullamco laboris nisi ut aliquip ex ea commodo consequat. Duis aute irure dolor in reprehenderit in voluptate velit esse cillum dolore eu fugiat nulla pariatur. Excepteur sint occaecat cupidatat non proident, sunt in culpa qui officia deserunt mollit anim id est laborum. Nam liber te conscient to factor tum poen legum odioque civiuda.','thumbnails/2017/09/studioapp_up_1505737281.jpg',0,13,'38946.7','11736.732421875','Cosmetic,Nature,Beauty',1,0,'2017-09-19 19:51:55',1),(233,603,'videos/2017/09/studioapp_up_1505738438.mp4','ufhffji','cncjf','thumbnails/2017/09/studioapp_up_1505738439.png',1,12,'4371','19.578125','dhdhdf,',0,0,'2017-09-18 17:51:53',1),(234,597,'videos/2017/09/studioapp_up_1505825183.mp4','Zakir Khan','Lorem ipsum dolor sit er elit lamet, consectetaur cillium adipisicing pecu, sed do eiusmod tempor incididunt ut labore et dolore magna aliqua. Ut enim ad minim veniam, quis nostrud exercitation ullamco laboris nisi ut aliquip ex ea commodo consequat. Duis aute irure dolor in reprehenderit in voluptate velit esse cillum dolore eu fugiat nulla pariatur. Excepteur sint occaecat cupidatat non proident, sunt in culpa qui officia deserunt mollit anim id est laborum. Nam liber te conscient to factor tum poen legum odioque civiuda.','thumbnails/2017/09/studioapp_up_1505825184.jpg',0,9,'5983.3','213.9482421875','Hair,Zakir,Comedy',0,0,'2017-09-19 17:46:24',1),(235,597,'videos/2017/09/studioapp_up_1505825239.mp4','Haq Se Single','Lorem ipsum dolor sit er elit lamet, consectetaur cillium adipisicing pecu, sed do eiusmod tempor incididunt ut labore et dolore magna aliqua. Ut enim ad minim veniam, quis nostrud exercitation ullamco laboris nisi ut aliquip ex ea commodo consequat. Duis aute irure dolor in reprehenderit in voluptate velit esse cillum dolore eu fugiat nulla pariatur. Excepteur sint occaecat cupidatat non proident, sunt in culpa qui officia deserunt mollit anim id est laborum. Nam liber te conscient to factor tum poen legum odioque civiuda.','thumbnails/2017/09/studioapp_up_1505825240.jpg',0,10,'4573.3','412.224609375','Zakir,Comedy,Haq',1,0,'2017-09-19 18:35:26',1),(237,597,'videos/2017/09/studioapp_up_1505975090.mp4','Test Video with Thumbnail','Lorem ipsum dolor sit er elit lamet, consectetaur cillium adipisicing pecu, sed do eiusmod tempor incididunt ut labore et dolore magna aliqua. Ut enim ad minim veniam, quis nostrud exercitation ullamco laboris nisi ut aliquip ex ea commodo consequat. Duis aute irure dolor in reprehenderit in voluptate velit esse cillum dolore eu fugiat nulla pariatur. Excepteur sint occaecat cupidatat non proident, sunt in culpa qui officia deserunt mollit anim id est laborum. Nam liber te conscient to factor tum poen legum odioque civiuda.','thumbnails/2017/09/studioapp_up_1505975091.jpg',0,10,'7036.7','555.267578125','nail,design,thumbnail',0,0,'2017-09-21 11:24:51',1),(238,597,'videos/2017/09/studioapp_up_1505975228.mp4','Testing Video','Lorem ipsum dolor sit er elit lamet, consectetaur cillium adipisicing pecu, sed do eiusmod tempor incididunt ut labore et dolore magna aliqua. Ut enim ad minim veniam, quis nostrud exercitation ullamco laboris nisi ut aliquip ex ea commodo consequat. Duis aute irure dolor in reprehenderit in voluptate velit esse cillum dolore eu fugiat nulla pariatur. Excepteur sint occaecat cupidatat non proident, sunt in culpa qui officia deserunt mollit anim id est laborum. Nam liber te conscient to factor tum poen legum odioque civiuda.','thumbnails/2017/09/studioapp_up_1505975229.jpg',0,9,'7740.0','638.94140625','Test,video,thumbnail',0,0,'2017-09-21 11:27:09',1),(239,597,'videos/2017/09/studioapp_up_1505975459.mp4','Nature','Lorem ipsum dolor sit er elit lamet, consectetaur cillium adipisicing pecu, sed do eiusmod tempor incididunt ut labore et dolore magna aliqua. Ut enim ad minim veniam, quis nostrud exercitation ullamco laboris nisi ut aliquip ex ea commodo consequat. Duis aute irure dolor in reprehenderit in voluptate velit esse cillum dolore eu fugiat nulla pariatur. Excepteur sint occaecat cupidatat non proident, sunt in culpa qui officia deserunt mollit anim id est laborum. Nam liber te conscient to factor tum poen legum odioque civiuda.','thumbnails/2017/09/studioapp_up_1505975463.jpg',0,9,'40290.0','10835.4580078125','Nature,Thumbnail,test',0,0,'2017-09-21 11:31:03',1),(240,597,'videos/2017/09/studioapp_up_1505976156.mp4','Testing video without thumbnail','Lorem ipsum dolor sit er elit lamet, consectetaur cillium adipisicing pecu, sed do eiusmod tempor incididunt ut labore et dolore magna aliqua. Ut enim ad minim veniam, quis nostrud exercitation ullamco laboris nisi ut aliquip ex ea commodo consequat. Duis aute irure dolor in reprehenderit in voluptate velit esse cillum dolore eu fugiat nulla pariatur. Excepteur sint occaecat cupidatat non proident, sunt in culpa qui officia deserunt mollit anim id est laborum. Nam liber te conscient to factor tum poen legum odioque civiuda.','thumbnails/2017/09/studioapp_up_1505976160.jpg',0,9,'71186.7','21209.0068359375','Test,withOutThumbnail',0,0,'2017-09-21 11:42:40',1),(241,598,'videos/2017/09/studioapp_up_1505976731.mp4','Zakir Khan - Stand UP Special On Amazon','Lorem ipsum dolor sit er elit lamet, consectetaur cillium adipisicing pecu, sed do eiusmod tempor incididunt ut labore et dolore magna aliqua. Ut enim ad minim veniam, quis nostrud exercitation ullamco laboris nisi ut aliquip ex ea commodo consequat. Duis aute irure dolor in reprehenderit in voluptate velit esse cillum dolore eu fugiat nulla pariatur. Excepteur sint occaecat cupidatat non proident, sunt in culpa qui officia deserunt mollit anim id est laborum. Nam liber te conscient to factor tum poen legum odioque civiuda.','thumbnails/2017/09/studioapp_up_1505976732.jpg',0,3,'5805.0','477.1845703125','Amazon,zakir,test',0,0,'2017-09-21 11:52:12',1),(242,598,'videos/2017/09/studioapp_up_1505976994.mp4','Zakir Khan - Lorem ipsum dolor sit er elit lamet, consectetaur cillium adipisicing pecu,','Lorem ipsum dolor sit er elit lamet, consectetaur cillium adipisicing pecu, sed do eiusmod tempor incididunt ut labore et dolore magna aliqua. Ut enim ad minim veniam, quis nostrud exercitation ullamco laboris nisi ut aliquip ex ea commodo consequat. Duis aute irure dolor in reprehenderit in voluptate velit esse cillum dolore eu fugiat nulla pariatur. Excepteur sint occaecat cupidatat non proident, sunt in culpa qui officia deserunt mollit anim id est laborum. Nam liber te conscient to factor tum poen legum odioque civiuda.','thumbnails/2017/09/studioapp_up_1505976995.jpg',0,3,'5981.7','484.9287109375','good,zakir,test',0,0,'2017-09-21 11:56:36',1),(243,415,'videos/2017/09/studioapp_up_1505986495.mp4','Zakir Khan - Haq se single','Lorem ipsum dolor sit er elit lamet, consectetaur cillium adipisicing pecu, sed do eiusmod tempor incididunt ut labore et dolore magna aliqua. Ut enim ad minim veniam, quis nostrud exercitation ullamco laboris nisi ut aliquip ex ea commodo consequat. Duis aute irure dolor in reprehenderit in voluptate velit esse cillum dolore eu fugiat nulla pariatur. Excepteur sint occaecat cupidatat non proident, sunt in culpa qui officia deserunt mollit anim id est laborum. Nam liber te conscient to factor tum poen legum odioque civiuda.','thumbnails/2017/09/studioapp_up_1505986498.jpg',0,10,'117880.0','11086.4384765625','nail',0,0,'2017-09-21 14:34:58',1);

/*Table structure for table `working_hours` */

DROP TABLE IF EXISTS `working_hours`;

CREATE TABLE `working_hours` (
  `id` int(11) NOT NULL AUTO_INCREMENT,
  `studio_id` int(11) DEFAULT NULL,
  `working_Days` varchar(200) DEFAULT NULL,
  `working_start` time DEFAULT NULL,
  `working_end` time DEFAULT NULL,
  PRIMARY KEY (`id`)
) ENGINE=InnoDB AUTO_INCREMENT=259 DEFAULT CHARSET=latin1;

/*Data for the table `working_hours` */

insert  into `working_hours`(`id`,`studio_id`,`working_Days`,`working_start`,`working_end`) values (17,86,'Wednesday','07:00:00','11:00:00'),(18,86,'monday','07:00:00','16:00:00'),(30,86,'monday','07:00:00','16:00:00'),(31,119,'Monday','00:08:35','12:08:35'),(32,120,'Monday','00:33:31','12:33:31'),(33,120,'Tuesday','09:33:31','21:33:31'),(36,134,'Monday','10:46:27','22:46:27'),(37,85,'monday','07:00:00','16:00:00'),(39,148,'Monday','11:21:31','23:21:31'),(40,148,'Tuesday','11:21:31','23:21:31'),(41,148,'Wednesday','10:21:31','20:21:31'),(42,203,'Monday','09:19:14','13:19:14'),(43,204,'Monday','12:31:24','19:31:24'),(44,209,'Monday','08:26:45','08:40:45'),(45,209,'Tuesday','08:40:45','08:55:45'),(47,214,'Wednesday','13:01:38','13:02:38'),(48,217,'Monday','08:19:39','20:16:39'),(53,133,'Sunday','04:50:05','04:50:05'),(54,133,'Thursday','00:58:35','12:58:35'),(55,133,'Friday','00:58:35','12:58:35'),(56,268,'Monday','04:25:00','17:30:00'),(57,268,'Monday','04:25:00','17:30:00'),(58,268,'Monday','04:25:00','17:30:00'),(59,268,'Monday','04:25:00','17:30:00'),(60,269,'Monday','20:35:00','16:30:00'),(61,269,'Monday','20:35:00','16:30:00'),(62,269,'Monday','20:35:00','16:30:00'),(63,269,'Wednesday','20:35:00','16:30:00'),(64,269,'Wednesday','20:35:00','16:30:00'),(65,269,'Wednesday','20:35:00','16:30:00'),(66,209,'Wednesday','11:46:56','11:49:56'),(67,270,'Monday','04:15:00','17:25:00'),(68,270,'Monday','04:15:00','17:25:00'),(69,270,'Monday','04:15:00','17:25:00'),(70,270,'Monday','04:15:00','17:25:00'),(71,270,'Monday','04:15:00','17:25:00'),(72,271,'Tuesday','07:30:00','03:15:00'),(73,271,'Tuesday','07:30:00','03:15:00'),(74,271,'Tuesday','07:30:00','03:15:00'),(75,271,'Tuesday','07:30:00','03:15:00'),(76,271,'Tuesday','07:30:00','03:15:00'),(77,271,'Tuesday','07:30:00','03:15:00'),(78,271,'Tuesday','07:30:00','03:15:00'),(79,275,'Monday','13:57:23','22:57:23'),(80,275,'Tuesday','17:57:23','00:57:23'),(81,275,'Wednesday','13:57:23','22:57:23'),(82,279,'Monday','05:25:00','17:20:00'),(83,279,'Monday','05:25:00','17:20:00'),(84,279,'Monday','05:25:00','17:20:00'),(85,288,'Monday','16:30:00','18:30:00'),(86,305,'Monday','17:25:00','17:30:00'),(87,307,'Tuesday','09:00:00','18:00:00'),(99,344,'Monday','06:25:00','18:25:00'),(100,352,'Monday','06:25:00','03:20:00'),(101,352,'Tuesday','06:25:00','03:20:00'),(102,364,'Tuesday','10:40:00','03:25:00'),(103,364,'Thursday','10:40:00','03:25:00'),(105,368,'Monday','22:23:06','20:23:06'),(107,369,'Monday','12:42:29','19:42:29'),(108,370,'Monday','12:42:28','13:42:28'),(109,371,'Monday','22:33:29','11:33:29'),(110,378,'Monday','10:37:50','22:37:50'),(111,378,'Tuesday','23:37:50','02:37:50'),(132,85,'monday','07:00:00','16:00:00'),(133,379,'monday','07:00:00','16:00:00'),(134,379,'monday','07:00:00','16:00:00'),(135,379,'tuesday','07:00:00','16:00:00'),(136,379,'tuesday','07:00:00','16:00:00'),(137,379,'friday','07:00:00','16:00:00'),(167,379,'friday','07:00:00','16:00:00'),(174,379,'friday','07:00:00','16:00:00'),(175,379,'friday','07:00:00','16:00:00'),(184,375,'Monday','10:30:00','05:30:00'),(185,375,'Tuesday','10:30:00','05:30:00'),(187,375,'Wednessday','10:30:00','03:30:00'),(188,375,'Thursday','09:00:00','03:00:00'),(189,375,'Saturday','09:00:00','16:00:00'),(190,407,'Monday','09:00:50','18:00:50'),(191,407,'Tuesday','09:00:50','18:00:50'),(192,407,'Wednesday','09:00:50','18:00:50'),(193,407,'Thursday','09:00:50','18:00:50'),(194,407,'Friday','09:00:50','18:00:50'),(195,415,'Monday','14:40:21','19:40:21'),(196,414,'Monday','22:20:00','23:20:00'),(197,405,'Monday','12:21:20','12:21:20'),(198,421,'Monday','13:12:27','13:12:27'),(201,405,'Wednesday','14:06:14','14:06:14'),(202,438,'Wednesday','20:25:00','04:25:00'),(209,448,'Tuesday','07:30:00','04:25:00'),(210,448,'Tuesday','07:30:00','04:25:00'),(211,448,'Saturday','07:30:00','04:25:00'),(213,471,'Monday','09:59:38','09:59:38'),(214,471,'Tuesday','09:59:38','21:59:38'),(216,473,'Sunday','16:01:57','23:34:57'),(217,473,'Friday','00:34:57','00:32:57'),(218,483,'Friday','07:30:00','04:25:00'),(220,484,'Monday','19:30:00','17:30:00'),(221,485,'Monday','19:25:00','16:20:00'),(222,488,'Monday','07:30:00','18:35:00'),(223,489,'Monday','20:45:00','17:25:00'),(224,490,'Monday','18:47:00','05:25:00'),(225,491,'Monday','06:30:00','05:25:00'),(226,502,'Wednesday','06:25:00','05:10:00'),(228,502,'Tuesday','23:55:00','14:28:00'),(229,506,'Wednesday','06:30:00','05:25:00'),(230,379,'friday','07:00:00','16:00:00'),(231,510,'Monday','11:02:59','23:02:59'),(233,573,'Saturday','14:20:00','05:30:00'),(234,573,'Sunday','14:20:00','05:30:00'),(235,575,'Wednesday','18:00:00','10:00:00'),(236,575,'Thursday','18:00:00','10:00:00'),(237,575,'Monday','18:00:00','10:00:00'),(240,579,'Thursday','17:05:00','17:05:00'),(241,579,'Thursday','18:07:00','17:25:00'),(242,580,'Thursday','18:25:00','21:30:00'),(243,581,'Tuesday','07:25:00','17:20:00'),(244,595,'Wednesday','07:30:00','03:25:00'),(245,597,'Monday','13:00:50','18:00:50'),(246,381,'Thursday','17:25:00','17:20:00'),(249,609,'Tuesday','11:00:00','22:00:00'),(250,609,'Monday','10:00:00','22:00:00'),(251,603,'Monday','01:00:00','22:00:00'),(252,610,'Wednesday','18:30:00','05:30:00'),(253,610,'Tuesday','17:34:30','17:34:30'),(255,610,'Sunday','17:35:08','05:35:08'),(257,614,'Monday','01:00:00','22:00:00'),(258,614,'Wednesday','10:00:00','22:00:00');

/*!40101 SET SQL_MODE=@OLD_SQL_MODE */;
/*!40014 SET FOREIGN_KEY_CHECKS=@OLD_FOREIGN_KEY_CHECKS */;
/*!40014 SET UNIQUE_CHECKS=@OLD_UNIQUE_CHECKS */;
/*!40111 SET SQL_NOTES=@OLD_SQL_NOTES */;
